event_id,occurred_at,system_id,system_type,component,host,metric_name,metric_value,metric_unit,severity,reported_at
EVT-000006691,2026-01-23T00:40:19.3033230Z,SYS-0057,api,auth,node-21,latency_ms,106.8,ms,INFO,2026-01-23T00:40:38.3033230Z
EVT-000006692,2026-01-25T18:18:09.3033400Z,SYS-0008,api,sync,node-36,latency_ms,857.2,ms,WARN,2026-01-25T18:18:23.3033400Z
EVT-000006693,2026-01-25T23:52:34.3033440Z,SYS-0266,db,ingest,node-28,latency_ms,1183.8,ms,WARN,2026-01-25T23:52:41.3033440Z
EVT-000006694,2026-01-24T13:58:20.3033470Z,SYS-0052,worker,sync,node-14,cpu_usage,77.76,%,WARN,2026-01-24T13:58:21.3033470Z
EVT-000006695,2026-01-26T04:15:41.3033520Z,SYS-0017,db,sync,node-03,mem_usage,19268,MB,INFO,2026-01-26T04:15:58.3033520Z
EVT-000006696,2026-01-26T21:27:39.3033550Z,SYS-0200,api,sync,node-10,latency_ms,226.2,ms,INFO,2026-01-26T21:27:54.3033550Z
EVT-000006697,2026-01-25T11:59:24.3033590Z,SYS-0219,api,dispatcher,node-40,cpu_usage,72.61,%,WARN,2026-01-25T11:59:33.3033590Z
EVT-000006698,2026-01-24T05:32:41.3033620Z,SYS-0458,cache,sync,node-25,queue_depth,1616,count,INFO,2026-01-24T05:32:47.3033620Z
EVT-000006699,2026-01-26T05:34:37.3033710Z,SYS-0390,api,ingest,node-19,cpu_usage,18.94,%,INFO,2026-01-26T05:35:05.3033710Z
EVT-000006700,2026-01-24T01:05:30.3033740Z,SYS-0282,api,auth,node-43,mem_usage,31750,MB,INFO,2026-01-24T01:05:58.3033740Z
EVT-000006701,2026-01-21T01:38:05.3033770Z,SYS-0206,cache,dispatcher,node-03,latency_ms,860.6,ms,WARN,2026-01-21T01:38:13.3033770Z
EVT-000006702,2026-01-20T17:31:28.3033800Z,SYS-0171,api,auth,node-20,mem_usage,21014,MB,INFO,2026-01-20T17:31:30.3033800Z
EVT-000006703,2026-01-24T08:36:05.3033830Z,SYS-0325,api,sync,node-29,mem_usage,21681,MB,INFO,2026-01-24T08:36:13.3033830Z
EVT-000006704,2026-01-20T18:17:01.3033870Z,SYS-0022,cache,auth,node-02,queue_depth,1829,count,INFO,2026-01-20T18:17:29.3033870Z
EVT-000006705,2026-01-25T08:04:26.3033900Z,SYS-0259,worker,auth,node-38,mem_usage,12127,MB,INFO,2026-01-25T08:04:32.3033900Z
EVT-000006706,2026-01-22T10:27:17.3033930Z,SYS-0177,worker,auth,node-48,cpu_usage,71.97,%,WARN,2026-01-22T10:27:44.3033930Z
EVT-000006707,2026-01-23T16:14:45.3033970Z,SYS-0109,api,auth,node-13,queue_depth,4323,count,INFO,2026-01-23T16:15:07.3033970Z
EVT-000006708,2026-01-22T07:01:37.3034010Z,SYS-0247,db,auth,node-01,mem_usage,27558,MB,INFO,2026-01-22T07:02:06.3034010Z
EVT-000006709,2026-01-23T02:04:12.3034040Z,SYS-0105,api,dispatcher,node-45,queue_depth,832,count,INFO,2026-01-23T02:04:20.3034040Z
EVT-000006710,2026-01-25T08:39:17.3034070Z,SYS-0450,api,auth,node-03,queue_depth,2141,count,INFO,2026-01-25T08:39:25.3034070Z
EVT-000006711,2026-01-24T13:06:42.3034100Z,SYS-0123,worker,dispatcher,node-24,cpu_usage,65.39,%,INFO,2026-01-24T13:07:01.3034100Z
EVT-000006712,2026-01-20T23:32:06.3034130Z,SYS-0430,worker,sync,node-46,mem_usage,8485,MB,INFO,2026-01-20T23:32:21.3034130Z
EVT-000006713,2026-01-24T13:28:13.3034160Z,SYS-0353,api,dispatcher,node-41,latency_ms,1176.6,ms,WARN,2026-01-24T13:28:14.3034160Z
EVT-000006714,2026-01-26T07:15:26.3034190Z,SYS-0254,cache,sync,node-18,queue_depth,2251,count,INFO,2026-01-26T07:15:27.3034190Z
EVT-000006715,2026-01-21T08:00:23.3034220Z,SYS-0146,db,dispatcher,node-01,cpu_usage,24.12,%,INFO,2026-01-21T08:00:39.3034220Z
EVT-000006716,2026-01-20T14:39:53.3034260Z,SYS-0410,api,auth,node-10,latency_ms,987.2,ms,WARN,2026-01-20T14:40:12.3034260Z
EVT-000006717,2026-01-24T04:34:11.3034300Z,SYS-0159,db,sync,node-28,queue_depth,2192,count,INFO,2026-01-24T04:34:25.3034300Z
EVT-000006718,2026-01-27T01:16:05.3034330Z,SYS-0473,cache,dispatcher,node-10,mem_usage,1217,MB,INFO,2026-01-27T01:16:17.3034330Z
EVT-000006719,2026-01-23T20:45:49.3034360Z,SYS-0110,api,ingest,node-31,mem_usage,28777,MB,INFO,2026-01-23T20:46:03.3034360Z
EVT-000006720,2026-01-26T03:45:03.3034400Z,SYS-0114,api,auth,node-32,queue_depth,874,count,INFO,2026-01-26T03:45:28.3034400Z
EVT-000006721,2026-01-24T08:43:25.3034430Z,SYS-0002,db,auth,node-45,cpu_usage,56.37,%,INFO,2026-01-24T08:43:50.3034430Z
EVT-000006722,2026-01-25T16:17:53.3034470Z,SYS-0146,worker,auth,node-14,cpu_usage,62.78,%,INFO,2026-01-25T16:18:16.3034470Z
EVT-000006723,2026-01-25T23:39:10.3034500Z,SYS-0101,db,dispatcher,node-35,cpu_usage,33.44,%,INFO,2026-01-25T23:39:22.3034500Z
EVT-000006724,2026-01-22T01:50:02.3034530Z,SYS-0124,cache,sync,node-22,mem_usage,25534,MB,INFO,2026-01-22T01:50:25.3034530Z
EVT-000006725,2026-01-25T01:09:55.3034590Z,SYS-0307,api,auth,node-31,latency_ms,174.3,ms,INFO,2026-01-25T01:10:14.3034590Z
EVT-000006726,2026-01-25T08:54:50.3034620Z,SYS-0397,cache,sync,node-09,latency_ms,314.6,ms,INFO,2026-01-25T08:55:07.3034620Z
EVT-000006727,2026-01-21T06:06:40.3034650Z,SYS-0007,api,sync,node-06,cpu_usage,44.85,%,INFO,2026-01-21T06:07:00.3034650Z
EVT-000006728,2026-01-24T06:11:43.3034690Z,SYS-0264,db,ingest,node-13,cpu_usage,92.45,%,ERROR,2026-01-24T06:11:58.3034690Z
EVT-000006729,2026-01-21T11:53:47.3034720Z,SYS-0287,worker,ingest,node-06,mem_usage,19475,MB,INFO,2026-01-21T11:53:49.3034720Z
EVT-000006730,2026-01-22T22:08:58.3034760Z,SYS-0163,worker,dispatcher,node-11,latency_ms,1510,ms,ERROR,2026-01-22T22:08:59.3034760Z
EVT-000006731,2026-01-23T03:39:58.3034790Z,SYS-0298,db,sync,node-12,mem_usage,20596,MB,INFO,2026-01-23T03:40:03.3034790Z
EVT-000006732,2026-01-24T08:33:44.3034820Z,SYS-0138,db,auth,node-19,mem_usage,2361,MB,INFO,2026-01-24T08:34:08.3034820Z
EVT-000006733,2026-01-26T05:43:56.3034860Z,SYS-0186,cache,ingest,node-27,queue_depth,761,count,INFO,2026-01-26T05:44:08.3034860Z
EVT-000006734,2026-01-22T06:25:36.3034900Z,SYS-0198,worker,dispatcher,node-42,queue_depth,3159,count,INFO,2026-01-22T06:25:51.3034900Z
EVT-000006735,2026-01-25T23:37:18.3034930Z,SYS-0499,db,ingest,node-25,queue_depth,971,count,INFO,2026-01-25T23:37:46.3034930Z
EVT-000006736,2026-01-22T16:07:16.3034970Z,SYS-0357,worker,dispatcher,node-47,mem_usage,14527,MB,INFO,2026-01-22T16:07:24.3034970Z
EVT-000006737,2026-01-23T16:28:06.3035000Z,SYS-0466,api,dispatcher,node-08,mem_usage,3006,MB,INFO,2026-01-23T16:28:19.3035000Z
EVT-000006738,2026-01-22T17:17:54.3035030Z,SYS-0304,api,dispatcher,node-49,latency_ms,1091.5,ms,WARN,2026-01-22T17:18:13.3035030Z
EVT-000006739,2026-01-25T07:08:54.3035070Z,SYS-0402,db,sync,node-41,mem_usage,29507,MB,INFO,2026-01-25T07:08:59.3035070Z
EVT-000006740,2026-01-20T17:18:08.3035100Z,SYS-0326,db,dispatcher,node-03,mem_usage,6687,MB,INFO,2026-01-20T17:18:36.3035100Z
EVT-000006741,2026-01-26T07:41:45.3035140Z,SYS-0354,db,dispatcher,node-22,latency_ms,826.7,ms,WARN,2026-01-26T07:42:12.3035140Z
EVT-000006742,2026-01-26T12:30:06.3035180Z,SYS-0060,api,dispatcher,node-27,mem_usage,6569,MB,INFO,2026-01-26T12:30:35.3035180Z
EVT-000006743,2026-01-21T03:21:45.3035210Z,SYS-0426,api,auth,node-46,cpu_usage,78.7,%,WARN,2026-01-21T03:21:45.3035210Z
EVT-000006744,2026-01-26T08:12:15.3035240Z,SYS-0410,db,ingest,node-37,mem_usage,14849,MB,INFO,2026-01-26T08:12:27.3035240Z
EVT-000006745,2026-01-21T04:43:53.3035280Z,SYS-0039,cache,sync,node-17,latency_ms,307.3,ms,INFO,2026-01-21T04:44:00.3035280Z
EVT-000006746,2026-01-21T12:00:21.3035310Z,SYS-0224,worker,ingest,node-10,cpu_usage,69.87,%,INFO,2026-01-21T12:00:34.3035310Z
EVT-000006747,2026-01-20T21:43:42.3035340Z,SYS-0279,cache,auth,node-07,cpu_usage,5.14,%,INFO,2026-01-20T21:44:08.3035340Z
EVT-000006748,2026-01-22T13:57:42.3035380Z,SYS-0323,cache,ingest,node-06,cpu_usage,38.82,%,INFO,2026-01-22T13:58:02.3035380Z
EVT-000006749,2026-01-25T19:27:01.3035410Z,SYS-0046,worker,sync,node-25,latency_ms,1142.8,ms,WARN,2026-01-25T19:27:20.3035410Z
EVT-000006750,2026-01-27T02:48:44.3035440Z,SYS-0166,cache,sync,node-30,cpu_usage,65.64,%,INFO,2026-01-27T02:48:46.3035440Z
EVT-000006751,2026-01-24T15:52:48.3035490Z,SYS-0428,api,auth,node-22,cpu_usage,94.06,%,ERROR,2026-01-24T15:52:50.3035490Z
EVT-000006752,2026-01-25T15:24:15.3035530Z,SYS-0488,worker,ingest,node-44,queue_depth,3683,count,INFO,2026-01-25T15:24:17.3035530Z
EVT-000006753,2026-01-23T08:27:27.3035560Z,SYS-0402,api,auth,node-27,cpu_usage,34.07,%,INFO,2026-01-23T08:27:51.3035560Z
EVT-000006754,2026-01-21T17:51:34.3035590Z,SYS-0315,db,dispatcher,node-09,queue_depth,1506,count,INFO,2026-01-21T17:52:03.3035590Z
EVT-000006755,2026-01-24T05:26:17.3035620Z,SYS-0446,db,sync,node-49,cpu_usage,25.24,%,INFO,2026-01-24T05:26:20.3035620Z
EVT-000006756,2026-01-26T15:50:18.3035640Z,SYS-0059,worker,ingest,node-26,cpu_usage,32.35,%,INFO,2026-01-26T15:50:35.3035640Z
EVT-000006757,2026-01-21T05:36:37.3035670Z,SYS-0331,worker,dispatcher,node-04,queue_depth,2382,count,INFO,2026-01-21T05:36:52.3035670Z
EVT-000006758,2026-01-23T08:19:46.3035700Z,SYS-0249,worker,dispatcher,node-35,cpu_usage,22.37,%,INFO,2026-01-23T08:20:06.3035700Z
EVT-000006759,2026-01-20T23:26:26.3035730Z,SYS-0305,db,auth,node-03,mem_usage,7938,MB,INFO,2026-01-20T23:26:43.3035730Z
EVT-000006760,2026-01-21T23:55:51.3035770Z,SYS-0308,cache,sync,node-42,latency_ms,45.7,ms,INFO,2026-01-21T23:56:00.3035770Z
EVT-000006761,2026-01-24T09:56:41.3035800Z,SYS-0237,api,ingest,node-06,queue_depth,3538,count,INFO,2026-01-24T09:56:53.3035800Z
EVT-000006762,2026-01-20T19:24:39.3035830Z,SYS-0336,db,sync,node-39,mem_usage,23761,MB,INFO,2026-01-20T19:25:06.3035830Z
EVT-000006763,2026-01-26T07:47:07.3035860Z,SYS-0425,cache,dispatcher,node-17,mem_usage,1232,MB,INFO,2026-01-26T07:47:19.3035860Z
EVT-000006764,2026-01-22T03:12:22.3035890Z,SYS-0259,api,sync,node-29,cpu_usage,5.28,%,INFO,2026-01-22T03:12:36.3035890Z
EVT-000006765,2026-01-26T00:31:19.3035920Z,SYS-0325,worker,auth,node-49,queue_depth,2144,count,INFO,2026-01-26T00:31:46.3035920Z
EVT-000006766,2026-01-26T02:01:27.3035960Z,SYS-0165,db,sync,node-37,queue_depth,482,count,INFO,2026-01-26T02:01:53.3035960Z
EVT-000006767,2026-01-27T00:43:24.3035990Z,SYS-0044,worker,dispatcher,node-48,cpu_usage,41.83,%,INFO,2026-01-27T00:43:37.3035990Z
EVT-000006768,2026-01-24T17:05:15.3036040Z,SYS-0041,api,ingest,node-15,mem_usage,26826,MB,INFO,2026-01-24T17:05:35.3036040Z
EVT-000006769,2026-01-25T12:35:28.3036070Z,SYS-0007,api,auth,node-46,queue_depth,4643,count,INFO,2026-01-25T12:35:40.3036070Z
EVT-000006770,2026-01-22T08:51:45.3036100Z,SYS-0337,api,auth,node-35,queue_depth,1941,count,INFO,2026-01-22T08:51:57.3036100Z
EVT-000006771,2026-01-24T15:12:57.3036140Z,SYS-0030,db,sync,node-28,cpu_usage,72.99,%,WARN,2026-01-24T15:13:04.3036140Z
EVT-000006772,2026-01-22T15:27:42.3036170Z,SYS-0230,cache,dispatcher,node-30,latency_ms,1326.5,ms,ERROR,2026-01-22T15:27:57.3036170Z
EVT-000006773,2026-01-24T11:40:19.3036200Z,SYS-0118,db,ingest,node-36,latency_ms,341.5,ms,INFO,2026-01-24T11:40:23.3036200Z
EVT-000006774,2026-01-21T12:35:46.3036230Z,SYS-0128,db,sync,node-05,mem_usage,10482,MB,INFO,2026-01-21T12:36:06.3036230Z
EVT-000006775,2026-01-22T13:01:10.3036270Z,SYS-0195,api,auth,node-34,mem_usage,25715,MB,INFO,2026-01-22T13:01:17.3036270Z
EVT-000006776,2026-01-23T00:39:42.3036300Z,SYS-0327,cache,sync,node-36,cpu_usage,61.71,%,INFO,2026-01-23T00:40:05.3036300Z
EVT-000006777,2026-01-23T22:17:58.3036340Z,SYS-0182,worker,sync,node-46,queue_depth,4832,count,INFO,2026-01-23T22:18:23.3036340Z
EVT-000006778,2026-01-21T08:21:44.3036380Z,SYS-0091,worker,sync,node-21,mem_usage,9175,MB,INFO,2026-01-21T08:21:48.3036380Z
EVT-000006779,2026-01-25T23:46:19.3036410Z,SYS-0483,api,auth,node-32,queue_depth,4824,count,INFO,2026-01-25T23:46:32.3036410Z
EVT-000006780,2026-01-26T06:31:53.3036440Z,SYS-0025,worker,auth,node-03,queue_depth,3296,count,INFO,2026-01-26T06:32:11.3036440Z
EVT-000006781,2026-01-26T23:52:56.3036470Z,SYS-0492,worker,ingest,node-45,latency_ms,1334.6,ms,ERROR,2026-01-26T23:53:08.3036470Z
EVT-000006782,2026-01-21T15:02:14.3036500Z,SYS-0359,worker,ingest,node-01,mem_usage,8160,MB,INFO,2026-01-21T15:02:25.3036500Z
EVT-000006783,2026-01-26T03:34:21.3036540Z,SYS-0034,worker,dispatcher,node-41,mem_usage,31022,MB,INFO,2026-01-26T03:34:32.3036540Z
EVT-000006784,2026-01-26T12:35:08.3036570Z,SYS-0164,api,dispatcher,node-10,latency_ms,632.5,ms,INFO,2026-01-26T12:35:23.3036570Z
EVT-000006785,2026-01-25T00:08:44.3036610Z,SYS-0099,db,sync,node-48,queue_depth,4640,count,INFO,2026-01-25T00:08:46.3036610Z
EVT-000006786,2026-01-20T09:20:41.3036660Z,SYS-0091,cache,dispatcher,node-13,mem_usage,5854,MB,INFO,2026-01-20T09:21:05.3036660Z
EVT-000006787,2026-01-25T16:41:47.3036690Z,SYS-0336,db,dispatcher,node-21,latency_ms,480.9,ms,INFO,2026-01-25T16:41:47.3036690Z
EVT-000006788,2026-01-23T12:16:56.3036720Z,SYS-0175,worker,ingest,node-40,cpu_usage,79.75,%,WARN,2026-01-23T12:17:05.3036720Z
EVT-000006789,2026-01-21T07:12:26.3036760Z,SYS-0150,cache,dispatcher,node-39,latency_ms,1258.4,ms,ERROR,2026-01-21T07:12:30.3036760Z
EVT-000006790,2026-01-20T15:00:16.3036790Z,SYS-0010,db,ingest,node-30,cpu_usage,85.68,%,ERROR,2026-01-20T15:00:20.3036790Z
EVT-000006791,2026-01-22T19:45:09.3036820Z,SYS-0030,api,ingest,node-11,mem_usage,22463,MB,INFO,2026-01-22T19:45:35.3036820Z
EVT-000006792,2026-01-26T15:51:14.3036850Z,SYS-0238,worker,ingest,node-11,mem_usage,16785,MB,INFO,2026-01-26T15:51:24.3036850Z
EVT-000006793,2026-01-27T02:27:18.3036880Z,SYS-0137,db,dispatcher,node-24,mem_usage,6452,MB,INFO,2026-01-27T02:27:43.3036880Z
EVT-000006794,2026-01-27T04:26:07.3036930Z,SYS-0424,cache,sync,node-11,queue_depth,3009,count,INFO,2026-01-27T04:26:20.3036930Z
EVT-000006795,2026-01-21T02:20:33.3036960Z,SYS-0198,worker,ingest,node-46,mem_usage,10731,MB,INFO,2026-01-21T02:20:51.3036960Z
EVT-000006796,2026-01-21T15:35:38.3036990Z,SYS-0180,cache,sync,node-19,cpu_usage,62.16,%,INFO,2026-01-21T15:35:53.3036990Z
EVT-000006797,2026-01-21T14:22:15.3037030Z,SYS-0303,worker,sync,node-20,latency_ms,702.5,ms,INFO,2026-01-21T14:22:41.3037030Z
EVT-000006798,2026-01-25T17:50:48.3037060Z,SYS-0028,db,sync,node-29,mem_usage,13595,MB,INFO,2026-01-25T17:51:14.3037060Z
EVT-000006799,2026-01-26T21:00:47.3037100Z,SYS-0206,api,dispatcher,node-46,latency_ms,217.1,ms,INFO,2026-01-26T21:01:15.3037100Z
EVT-000006800,2026-01-22T20:17:33.3037130Z,SYS-0376,worker,auth,node-22,latency_ms,951.5,ms,WARN,2026-01-22T20:17:39.3037130Z
EVT-000006801,2026-01-23T14:48:18.3037160Z,SYS-0027,cache,ingest,node-20,mem_usage,19545,MB,INFO,2026-01-23T14:48:45.3037160Z
EVT-000006802,2026-01-24T23:33:34.3037200Z,SYS-0312,cache,dispatcher,node-31,latency_ms,435.7,ms,INFO,2026-01-24T23:34:02.3037200Z
EVT-000006803,2026-01-21T22:54:08.3037250Z,SYS-0358,worker,dispatcher,node-03,latency_ms,1308.9,ms,ERROR,2026-01-21T22:54:22.3037250Z
EVT-000006804,2026-01-20T04:49:51.3037280Z,SYS-0121,worker,ingest,node-30,mem_usage,12103,MB,INFO,2026-01-20T04:50:03.3037280Z
EVT-000006805,2026-01-22T21:59:06.3037310Z,SYS-0033,api,ingest,node-21,latency_ms,1236,ms,ERROR,2026-01-22T21:59:30.3037310Z
EVT-000006806,2026-01-20T05:53:08.3037340Z,SYS-0326,cache,sync,node-44,mem_usage,14189,MB,INFO,2026-01-20T05:53:22.3037340Z
EVT-000006807,2026-01-24T11:11:16.3037380Z,SYS-0014,api,ingest,node-22,queue_depth,2820,count,INFO,2026-01-24T11:11:21.3037380Z
EVT-000006808,2026-01-23T01:48:10.3037410Z,SYS-0066,api,auth,node-43,latency_ms,1377.7,ms,ERROR,2026-01-23T01:48:17.3037410Z
EVT-000006809,2026-01-26T03:05:01.3037450Z,SYS-0438,worker,ingest,node-40,queue_depth,4491,count,INFO,2026-01-26T03:05:27.3037450Z
EVT-000006810,2026-01-25T16:56:07.3037480Z,SYS-0415,api,sync,node-47,queue_depth,4293,count,INFO,2026-01-25T16:56:31.3037480Z
EVT-000006811,2026-01-21T18:37:58.3037520Z,SYS-0198,api,ingest,node-09,queue_depth,2821,count,INFO,2026-01-21T18:38:13.3037520Z
EVT-000006812,2026-01-21T01:30:17.3037560Z,SYS-0379,worker,sync,node-33,queue_depth,3683,count,INFO,2026-01-21T01:30:39.3037560Z
EVT-000006813,2026-01-22T03:54:10.3037590Z,SYS-0146,api,auth,node-40,latency_ms,279.2,ms,INFO,2026-01-22T03:54:13.3037590Z
EVT-000006814,2026-01-22T19:46:05.3037620Z,SYS-0008,cache,ingest,node-25,cpu_usage,45.21,%,INFO,2026-01-22T19:46:13.3037620Z
EVT-000006815,2026-01-22T20:39:10.3037650Z,SYS-0466,worker,sync,node-37,mem_usage,13661,MB,INFO,2026-01-22T20:39:19.3037650Z
EVT-000006816,2026-01-25T14:06:53.3037680Z,SYS-0342,api,auth,node-20,queue_depth,2487,count,INFO,2026-01-25T14:06:55.3037680Z
EVT-000006817,2026-01-20T14:49:30.3037710Z,SYS-0142,db,ingest,node-26,latency_ms,632.7,ms,INFO,2026-01-20T14:49:36.3037710Z
EVT-000006818,2026-01-24T18:49:58.3037740Z,SYS-0235,worker,auth,node-41,latency_ms,430.2,ms,INFO,2026-01-24T18:50:07.3037740Z
EVT-000006819,2026-01-24T09:34:26.3037770Z,SYS-0363,api,ingest,node-17,mem_usage,4449,MB,INFO,2026-01-24T09:34:52.3037770Z
EVT-000006820,2026-01-23T13:42:09.3037820Z,SYS-0213,db,auth,node-41,cpu_usage,33.62,%,INFO,2026-01-23T13:42:24.3037820Z
EVT-000006821,2026-01-24T04:39:19.3037850Z,SYS-0297,db,auth,node-24,latency_ms,169,ms,INFO,2026-01-24T04:39:34.3037850Z
EVT-000006822,2026-01-24T17:26:50.3037880Z,SYS-0198,worker,sync,node-44,cpu_usage,77.06,%,WARN,2026-01-24T17:27:02.3037880Z
EVT-000006823,2026-01-21T08:32:51.3037910Z,SYS-0354,db,ingest,node-30,latency_ms,1351.2,ms,ERROR,2026-01-21T08:32:55.3037910Z
EVT-000006824,2026-01-26T13:13:23.3037950Z,SYS-0135,cache,auth,node-07,mem_usage,4217,MB,INFO,2026-01-26T13:13:27.3037950Z
EVT-000006825,2026-01-23T14:04:48.3037980Z,SYS-0464,db,auth,node-22,cpu_usage,81.96,%,WARN,2026-01-23T14:05:06.3037980Z
EVT-000006826,2026-01-22T18:25:16.3038010Z,SYS-0294,api,dispatcher,node-49,latency_ms,766.4,ms,INFO,2026-01-22T18:25:34.3038010Z
EVT-000006827,2026-01-21T23:44:08.3038040Z,SYS-0177,db,auth,node-19,queue_depth,4614,count,INFO,2026-01-21T23:44:28.3038040Z
EVT-000006828,2026-01-25T16:31:17.3038060Z,SYS-0341,api,auth,node-02,cpu_usage,31.23,%,INFO,2026-01-25T16:31:25.3038060Z
EVT-000006829,2026-01-24T20:38:50.3038110Z,SYS-0087,api,dispatcher,node-30,queue_depth,4551,count,INFO,2026-01-24T20:39:15.3038110Z
EVT-000006830,2026-01-24T22:37:10.3038140Z,SYS-0116,api,auth,node-28,latency_ms,1271,ms,ERROR,2026-01-24T22:37:32.3038140Z
EVT-000006831,2026-01-23T15:07:59.3038170Z,SYS-0070,worker,dispatcher,node-29,latency_ms,1080.3,ms,WARN,2026-01-23T15:07:59.3038170Z
EVT-000006832,2026-01-22T22:54:36.3038200Z,SYS-0451,db,dispatcher,node-01,queue_depth,2454,count,INFO,2026-01-22T22:54:44.3038200Z
EVT-000006833,2026-01-26T20:31:19.3038230Z,SYS-0497,db,dispatcher,node-35,queue_depth,146,count,INFO,2026-01-26T20:31:32.3038230Z
EVT-000006834,2026-01-21T23:20:08.3038270Z,SYS-0189,worker,auth,node-29,latency_ms,276.2,ms,INFO,2026-01-21T23:20:33.3038270Z
EVT-000006835,2026-01-25T05:41:02.3038300Z,SYS-0365,worker,dispatcher,node-27,queue_depth,3127,count,INFO,2026-01-25T05:41:15.3038300Z
EVT-000006836,2026-01-25T16:14:41.3038330Z,SYS-0313,cache,ingest,node-03,cpu_usage,33.25,%,INFO,2026-01-25T16:15:03.3038330Z
EVT-000006837,2026-01-25T14:12:04.3038380Z,SYS-0227,db,ingest,node-15,cpu_usage,60.52,%,INFO,2026-01-25T14:12:07.3038380Z
EVT-000006838,2026-01-26T13:53:17.3038410Z,SYS-0211,worker,auth,node-36,queue_depth,4630,count,INFO,2026-01-26T13:53:38.3038410Z
EVT-000006839,2026-01-21T16:10:01.3038440Z,SYS-0390,cache,sync,node-09,queue_depth,311,count,INFO,2026-01-21T16:10:12.3038440Z
EVT-000006840,2026-01-25T03:19:05.3038480Z,SYS-0192,worker,auth,node-29,mem_usage,32455,MB,INFO,2026-01-25T03:19:06.3038480Z
EVT-000006841,2026-01-21T10:42:34.3038510Z,SYS-0024,worker,auth,node-11,queue_depth,2272,count,INFO,2026-01-21T10:42:37.3038510Z
EVT-000006842,2026-01-20T22:31:52.3038540Z,SYS-0114,cache,auth,node-09,mem_usage,17949,MB,INFO,2026-01-20T22:32:12.3038540Z
EVT-000006843,2026-01-26T06:06:51.3038580Z,SYS-0439,cache,sync,node-12,cpu_usage,8.28,%,INFO,2026-01-26T06:07:02.3038580Z
EVT-000006844,2026-01-21T17:27:35.3038610Z,SYS-0462,api,dispatcher,node-33,queue_depth,3286,count,INFO,2026-01-21T17:27:47.3038610Z
EVT-000006845,2026-01-26T08:25:53.3038640Z,SYS-0024,api,ingest,node-08,latency_ms,1333.7,ms,ERROR,2026-01-26T08:26:02.3038640Z
EVT-000006846,2026-01-20T12:28:15.3038690Z,SYS-0050,api,dispatcher,node-41,latency_ms,941.9,ms,WARN,2026-01-20T12:28:40.3038690Z
EVT-000006847,2026-01-26T21:46:07.3038730Z,SYS-0235,worker,ingest,node-18,queue_depth,319,count,INFO,2026-01-26T21:46:07.3038730Z
EVT-000006848,2026-01-23T04:06:23.3038760Z,SYS-0138,db,sync,node-20,queue_depth,816,count,INFO,2026-01-23T04:06:40.3038760Z
EVT-000006849,2026-01-20T20:56:57.3038790Z,SYS-0498,db,auth,node-14,latency_ms,1116,ms,WARN,2026-01-20T20:57:26.3038790Z
EVT-000006850,2026-01-24T00:56:20.3038830Z,SYS-0429,cache,auth,node-42,cpu_usage,32.5,%,INFO,2026-01-24T00:56:29.3038830Z
EVT-000006851,2026-01-22T07:54:12.3038860Z,SYS-0127,api,auth,node-08,latency_ms,653.6,ms,INFO,2026-01-22T07:54:41.3038860Z
EVT-000006852,2026-01-21T17:37:59.3038890Z,SYS-0054,db,dispatcher,node-03,queue_depth,3611,count,INFO,2026-01-21T17:38:27.3038890Z
EVT-000006853,2026-01-20T08:07:03.3038930Z,SYS-0303,worker,dispatcher,node-12,queue_depth,3435,count,INFO,2026-01-20T08:07:24.3038930Z
EVT-000006854,2026-01-20T16:33:32.3038960Z,SYS-0239,db,sync,node-39,latency_ms,305.1,ms,INFO,2026-01-20T16:34:01.3038960Z
EVT-000006855,2026-01-22T22:41:20.3039010Z,SYS-0145,cache,auth,node-24,latency_ms,637.4,ms,INFO,2026-01-22T22:41:36.3039010Z
EVT-000006856,2026-01-24T10:18:15.3039040Z,SYS-0003,api,auth,node-09,latency_ms,1279.6,ms,ERROR,2026-01-24T10:18:19.3039040Z
EVT-000006857,2026-01-21T14:15:36.3039070Z,SYS-0083,api,auth,node-35,mem_usage,7239,MB,INFO,2026-01-21T14:15:52.3039070Z
EVT-000006858,2026-01-26T20:11:51.3039110Z,SYS-0047,worker,ingest,node-13,latency_ms,1378.1,ms,ERROR,2026-01-26T20:12:18.3039110Z
EVT-000006859,2026-01-20T11:10:22.3039140Z,SYS-0374,cache,dispatcher,node-31,queue_depth,1528,count,INFO,2026-01-20T11:10:27.3039140Z
EVT-000006860,2026-01-21T01:36:56.3039170Z,SYS-0390,worker,auth,node-18,queue_depth,3981,count,INFO,2026-01-21T01:37:14.3039170Z
EVT-000006861,2026-01-23T17:12:57.3039210Z,SYS-0154,worker,ingest,node-37,latency_ms,357.5,ms,INFO,2026-01-23T17:12:59.3039210Z
EVT-000006862,2026-01-22T18:18:05.3039240Z,SYS-0092,db,sync,node-26,queue_depth,1728,count,INFO,2026-01-22T18:18:07.3039240Z
EVT-000006863,2026-01-23T07:02:08.3039280Z,SYS-0044,api,sync,node-47,cpu_usage,75.03,%,WARN,2026-01-23T07:02:33.3039280Z
EVT-000006864,2026-01-26T22:11:17.3039320Z,SYS-0118,api,dispatcher,node-11,latency_ms,664.6,ms,INFO,2026-01-26T22:11:25.3039320Z
EVT-000006865,2026-01-20T12:32:04.3039350Z,SYS-0292,api,dispatcher,node-29,mem_usage,10532,MB,INFO,2026-01-20T12:32:19.3039350Z
EVT-000006866,2026-01-24T01:39:43.3039380Z,SYS-0208,db,sync,node-49,latency_ms,677.1,ms,INFO,2026-01-24T01:39:55.3039380Z
EVT-000006867,2026-01-23T07:46:44.3039410Z,SYS-0317,api,sync,node-14,mem_usage,30303,MB,INFO,2026-01-23T07:46:59.3039410Z
EVT-000006868,2026-01-26T11:09:15.3039450Z,SYS-0403,cache,ingest,node-45,mem_usage,9793,MB,INFO,2026-01-26T11:09:37.3039450Z
EVT-000006869,2026-01-21T14:34:00.3039480Z,SYS-0271,api,dispatcher,node-34,mem_usage,2458,MB,INFO,2026-01-21T14:34:23.3039480Z
EVT-000006870,2026-01-20T15:28:07.3039520Z,SYS-0149,cache,ingest,node-20,mem_usage,18437,MB,INFO,2026-01-20T15:28:30.3039520Z
EVT-000006871,2026-01-20T15:18:57.3039550Z,SYS-0304,worker,ingest,node-41,cpu_usage,73.51,%,WARN,2026-01-20T15:19:16.3039550Z
EVT-000006872,2026-01-25T18:41:07.3039600Z,SYS-0248,worker,dispatcher,node-27,latency_ms,85.1,ms,INFO,2026-01-25T18:41:10.3039600Z
EVT-000006873,2026-01-26T21:38:03.3039630Z,SYS-0293,db,sync,node-42,queue_depth,3768,count,INFO,2026-01-26T21:38:20.3039630Z
EVT-000006874,2026-01-25T21:44:18.3039660Z,SYS-0173,db,dispatcher,node-22,mem_usage,5735,MB,INFO,2026-01-25T21:44:25.3039660Z
EVT-000006875,2026-01-23T02:08:47.3039700Z,SYS-0412,db,sync,node-41,queue_depth,1363,count,INFO,2026-01-23T02:09:10.3039700Z
EVT-000006876,2026-01-20T10:47:03.3039730Z,SYS-0075,worker,auth,node-48,mem_usage,8886,MB,INFO,2026-01-20T10:47:10.3039730Z
EVT-000006877,2026-01-25T05:48:23.3039760Z,SYS-0361,worker,dispatcher,node-33,cpu_usage,13.8,%,INFO,2026-01-25T05:48:48.3039760Z
EVT-000006878,2026-01-25T10:41:47.3039800Z,SYS-0223,api,sync,node-33,latency_ms,759.4,ms,INFO,2026-01-25T10:41:56.3039800Z
EVT-000006879,2026-01-24T08:00:37.3039830Z,SYS-0122,db,ingest,node-05,latency_ms,575.1,ms,INFO,2026-01-24T08:00:46.3039830Z
EVT-000006880,2026-01-25T05:41:22.3039860Z,SYS-0051,db,ingest,node-12,queue_depth,390,count,INFO,2026-01-25T05:41:24.3039860Z
EVT-000006881,2026-01-26T05:11:20.3039910Z,SYS-0270,db,ingest,node-49,mem_usage,17406,MB,INFO,2026-01-26T05:11:41.3039910Z
EVT-000006882,2026-01-20T04:47:01.3039950Z,SYS-0218,worker,sync,node-36,latency_ms,1403.4,ms,ERROR,2026-01-20T04:47:20.3039950Z
EVT-000006883,2026-01-23T17:56:01.3039980Z,SYS-0017,cache,ingest,node-38,queue_depth,4329,count,INFO,2026-01-23T17:56:11.3039980Z
EVT-000006884,2026-01-25T02:29:15.3040020Z,SYS-0498,worker,ingest,node-22,mem_usage,2107,MB,INFO,2026-01-25T02:29:26.3040020Z
EVT-000006885,2026-01-20T09:16:41.3040050Z,SYS-0361,worker,auth,node-03,latency_ms,387,ms,INFO,2026-01-20T09:17:02.3040050Z
EVT-000006886,2026-01-23T12:17:40.3040080Z,SYS-0193,cache,ingest,node-16,latency_ms,1049.1,ms,WARN,2026-01-23T12:17:45.3040080Z
EVT-000006887,2026-01-23T10:41:01.3040120Z,SYS-0339,api,auth,node-34,mem_usage,16845,MB,INFO,2026-01-23T10:41:21.3040120Z
EVT-000006888,2026-01-24T23:41:54.3040150Z,SYS-0121,worker,auth,node-43,latency_ms,1076,ms,WARN,2026-01-24T23:42:05.3040150Z
EVT-000006889,2026-01-21T02:59:56.3040200Z,SYS-0072,api,dispatcher,node-19,latency_ms,1437.3,ms,ERROR,2026-01-21T03:00:19.3040200Z
EVT-000006890,2026-01-24T18:20:05.3040230Z,SYS-0448,api,sync,node-28,cpu_usage,21.14,%,INFO,2026-01-24T18:20:14.3040230Z
EVT-000006891,2026-01-27T03:04:42.3040260Z,SYS-0484,worker,dispatcher,node-19,latency_ms,925.8,ms,WARN,2026-01-27T03:04:48.3040260Z
EVT-000006892,2026-01-22T00:02:52.3040300Z,SYS-0434,worker,dispatcher,node-21,cpu_usage,14.54,%,INFO,2026-01-22T00:03:12.3040300Z
EVT-000006893,2026-01-24T15:48:02.3040330Z,SYS-0337,worker,auth,node-49,queue_depth,712,count,INFO,2026-01-24T15:48:23.3040330Z
EVT-000006894,2026-01-23T21:31:42.3040360Z,SYS-0086,worker,dispatcher,node-18,cpu_usage,92.9,%,ERROR,2026-01-23T21:31:43.3040360Z
EVT-000006895,2026-01-23T11:26:01.3040390Z,SYS-0013,db,dispatcher,node-30,latency_ms,1425.5,ms,ERROR,2026-01-23T11:26:16.3040390Z
EVT-000006896,2026-01-23T11:07:59.3040420Z,SYS-0002,cache,ingest,node-18,cpu_usage,46.11,%,INFO,2026-01-23T11:08:22.3040420Z
EVT-000006897,2026-01-22T23:10:49.3040450Z,SYS-0132,db,dispatcher,node-46,cpu_usage,37.73,%,INFO,2026-01-22T23:11:13.3040450Z
EVT-000006898,2026-01-26T14:16:32.3040500Z,SYS-0010,api,auth,node-22,latency_ms,995.2,ms,WARN,2026-01-26T14:16:58.3040500Z
EVT-000006899,2026-01-22T04:26:23.3040530Z,SYS-0488,db,sync,node-27,cpu_usage,18.47,%,INFO,2026-01-22T04:26:44.3040530Z
EVT-000006900,2026-01-23T03:13:36.3040560Z,SYS-0375,db,dispatcher,node-45,queue_depth,4983,count,INFO,2026-01-23T03:13:57.3040560Z
EVT-000006901,2026-01-26T19:52:41.3040590Z,SYS-0442,api,auth,node-21,cpu_usage,54.31,%,INFO,2026-01-26T19:53:00.3040590Z
EVT-000006902,2026-01-22T04:29:03.3040620Z,SYS-0049,api,ingest,node-46,queue_depth,467,count,INFO,2026-01-22T04:29:13.3040620Z
EVT-000006903,2026-01-23T02:42:43.3040650Z,SYS-0349,db,sync,node-20,cpu_usage,93.69,%,ERROR,2026-01-23T02:42:46.3040650Z
EVT-000006904,2026-01-25T19:29:52.3040680Z,SYS-0498,api,auth,node-19,mem_usage,22553,MB,INFO,2026-01-25T19:29:52.3040680Z
EVT-000006905,2026-01-21T14:23:30.3040710Z,SYS-0224,worker,ingest,node-40,queue_depth,3356,count,INFO,2026-01-21T14:23:42.3040710Z
EVT-000006906,2026-01-20T06:52:00.3040740Z,SYS-0347,db,sync,node-07,queue_depth,3926,count,INFO,2026-01-20T06:52:19.3040740Z
EVT-000006907,2026-01-22T16:47:36.3040780Z,SYS-0462,db,auth,node-01,queue_depth,899,count,INFO,2026-01-22T16:48:02.3040780Z
EVT-000006908,2026-01-25T05:56:54.3040820Z,SYS-0211,cache,sync,node-46,mem_usage,22273,MB,INFO,2026-01-25T05:57:06.3040820Z
EVT-000006909,2026-01-21T17:45:14.3040850Z,SYS-0440,db,sync,node-13,queue_depth,4511,count,INFO,2026-01-21T17:45:14.3040850Z
EVT-000006910,2026-01-23T10:28:50.3040880Z,SYS-0413,cache,ingest,node-18,queue_depth,2265,count,INFO,2026-01-23T10:28:56.3040880Z
EVT-000006911,2026-01-24T06:30:31.3040910Z,SYS-0084,db,sync,node-37,mem_usage,6777,MB,INFO,2026-01-24T06:30:39.3040910Z
EVT-000006912,2026-01-26T19:43:56.3040950Z,SYS-0422,db,sync,node-30,mem_usage,28099,MB,INFO,2026-01-26T19:43:56.3040950Z
EVT-000006913,2026-01-26T09:07:33.3040980Z,SYS-0223,api,sync,node-02,mem_usage,23844,MB,INFO,2026-01-26T09:07:33.3040980Z
EVT-000006914,2026-01-24T15:43:51.3041010Z,SYS-0427,api,auth,node-32,mem_usage,9846,MB,INFO,2026-01-24T15:44:20.3041010Z
EVT-000006915,2026-01-20T15:17:08.3041070Z,SYS-0220,api,dispatcher,node-42,cpu_usage,52.36,%,INFO,2026-01-20T15:17:28.3041070Z
EVT-000006916,2026-01-21T18:42:39.3041100Z,SYS-0067,api,sync,node-44,queue_depth,931,count,INFO,2026-01-21T18:43:07.3041100Z
EVT-000006917,2026-01-20T20:09:24.3041130Z,SYS-0457,db,dispatcher,node-25,cpu_usage,50.83,%,INFO,2026-01-20T20:09:37.3041130Z
EVT-000006918,2026-01-21T15:00:34.3041160Z,SYS-0202,worker,dispatcher,node-14,cpu_usage,74.95,%,WARN,2026-01-21T15:00:50.3041160Z
EVT-000006919,2026-01-21T17:08:21.3041190Z,SYS-0148,worker,auth,node-03,cpu_usage,22.98,%,INFO,2026-01-21T17:08:48.3041190Z
EVT-000006920,2026-01-23T15:06:14.3041220Z,SYS-0053,db,dispatcher,node-05,mem_usage,8027,MB,INFO,2026-01-23T15:06:34.3041220Z
EVT-000006921,2026-01-21T19:58:31.3041250Z,SYS-0209,api,ingest,node-39,mem_usage,28360,MB,INFO,2026-01-21T19:58:58.3041250Z
EVT-000006922,2026-01-22T13:16:03.3041290Z,SYS-0151,worker,sync,node-40,queue_depth,3281,count,INFO,2026-01-22T13:16:13.3041290Z
EVT-000006923,2026-01-21T02:21:10.3041320Z,SYS-0210,cache,ingest,node-05,cpu_usage,70.54,%,WARN,2026-01-21T02:21:31.3041320Z
EVT-000006924,2026-01-26T07:54:03.3041360Z,SYS-0456,cache,sync,node-32,queue_depth,4095,count,INFO,2026-01-26T07:54:08.3041360Z
EVT-000006925,2026-01-26T00:39:48.3041390Z,SYS-0461,api,dispatcher,node-40,cpu_usage,6.56,%,INFO,2026-01-26T00:40:00.3041390Z
EVT-000006926,2026-01-25T03:55:56.3041420Z,SYS-0329,api,ingest,node-38,latency_ms,1484.5,ms,ERROR,2026-01-25T03:56:09.3041420Z
EVT-000006927,2026-01-22T17:52:48.3041450Z,SYS-0453,db,ingest,node-23,queue_depth,2109,count,INFO,2026-01-22T17:53:08.3041450Z
EVT-000006928,2026-01-24T23:41:25.3041480Z,SYS-0171,api,dispatcher,node-20,mem_usage,4713,MB,INFO,2026-01-24T23:41:39.3041480Z
EVT-000006929,2026-01-25T01:15:21.3041510Z,SYS-0104,worker,dispatcher,node-20,latency_ms,1291.9,ms,ERROR,2026-01-25T01:15:33.3041510Z
EVT-000006930,2026-01-20T10:59:17.3041550Z,SYS-0348,api,sync,node-40,latency_ms,172,ms,INFO,2026-01-20T10:59:44.3041550Z
EVT-000006931,2026-01-23T13:10:53.3041580Z,SYS-0350,cache,ingest,node-04,cpu_usage,65.28,%,INFO,2026-01-23T13:11:07.3041580Z
EVT-000006932,2026-01-20T14:36:19.3041610Z,SYS-0298,api,sync,node-02,cpu_usage,74.21,%,WARN,2026-01-20T14:36:34.3041610Z
EVT-000006933,2026-01-22T14:24:47.3041650Z,SYS-0456,worker,ingest,node-23,cpu_usage,85.37,%,ERROR,2026-01-22T14:24:48.3041650Z
EVT-000006934,2026-01-22T05:58:27.3041680Z,SYS-0118,worker,dispatcher,node-24,latency_ms,1253.8,ms,ERROR,2026-01-22T05:58:33.3041680Z
EVT-000006935,2026-01-24T20:52:39.3041710Z,SYS-0027,cache,ingest,node-27,mem_usage,8241,MB,INFO,2026-01-24T20:52:55.3041710Z
EVT-000006936,2026-01-25T10:33:08.3041740Z,SYS-0381,worker,dispatcher,node-31,mem_usage,9236,MB,INFO,2026-01-25T10:33:35.3041740Z
EVT-000006937,2026-01-21T10:08:36.3041770Z,SYS-0111,cache,dispatcher,node-36,queue_depth,2464,count,INFO,2026-01-21T10:09:00.3041770Z
EVT-000006938,2026-01-23T15:26:12.3041800Z,SYS-0141,db,dispatcher,node-44,latency_ms,61.7,ms,INFO,2026-01-23T15:26:34.3041800Z
EVT-000006939,2026-01-26T07:41:29.3041830Z,SYS-0234,api,dispatcher,node-11,cpu_usage,40.44,%,INFO,2026-01-26T07:41:49.3041830Z
EVT-000006940,2026-01-22T13:15:37.3041870Z,SYS-0467,api,ingest,node-36,cpu_usage,8.25,%,INFO,2026-01-22T13:16:05.3041870Z
EVT-000006941,2026-01-22T10:14:06.3041910Z,SYS-0009,cache,sync,node-05,latency_ms,1491.1,ms,ERROR,2026-01-22T10:14:22.3041910Z
EVT-000006942,2026-01-22T19:29:45.3041940Z,SYS-0057,cache,sync,node-36,mem_usage,14949,MB,INFO,2026-01-22T19:30:06.3041940Z
EVT-000006943,2026-01-21T04:46:54.3041970Z,SYS-0437,api,auth,node-08,mem_usage,1704,MB,INFO,2026-01-21T04:47:18.3041970Z
EVT-000006944,2026-01-22T04:47:46.3042000Z,SYS-0390,api,dispatcher,node-27,latency_ms,159.4,ms,INFO,2026-01-22T04:47:53.3042000Z
EVT-000006945,2026-01-21T08:39:51.3042030Z,SYS-0009,cache,dispatcher,node-04,latency_ms,638.2,ms,INFO,2026-01-21T08:40:05.3042030Z
EVT-000006946,2026-01-25T07:53:27.3042060Z,SYS-0277,worker,auth,node-09,cpu_usage,41.26,%,INFO,2026-01-25T07:53:41.3042060Z
EVT-000006947,2026-01-22T12:16:42.3042090Z,SYS-0197,cache,dispatcher,node-03,latency_ms,775.2,ms,INFO,2026-01-22T12:17:11.3042090Z
EVT-000006948,2026-01-21T18:07:24.3042120Z,SYS-0489,worker,sync,node-35,cpu_usage,18.32,%,INFO,2026-01-21T18:07:24.3042120Z
EVT-000006949,2026-01-20T12:02:09.3042150Z,SYS-0091,api,ingest,node-26,queue_depth,2736,count,INFO,2026-01-20T12:02:22.3042150Z
EVT-000006950,2026-01-22T07:02:32.3042190Z,SYS-0101,db,ingest,node-43,latency_ms,1031.3,ms,WARN,2026-01-22T07:02:43.3042190Z
EVT-000006951,2026-01-24T15:53:43.3042230Z,SYS-0481,worker,auth,node-40,cpu_usage,64.09,%,INFO,2026-01-24T15:53:58.3042230Z
EVT-000006952,2026-01-25T05:44:21.3042260Z,SYS-0105,cache,auth,node-17,cpu_usage,16.47,%,INFO,2026-01-25T05:44:33.3042260Z
EVT-000006953,2026-01-20T22:39:18.3042290Z,SYS-0322,api,dispatcher,node-06,queue_depth,3708,count,INFO,2026-01-20T22:39:43.3042290Z
EVT-000006954,2026-01-26T21:22:01.3042320Z,SYS-0014,worker,dispatcher,node-11,latency_ms,1202.4,ms,ERROR,2026-01-26T21:22:09.3042320Z
EVT-000006955,2026-01-21T19:51:50.3042350Z,SYS-0369,cache,ingest,node-44,cpu_usage,92.89,%,ERROR,2026-01-21T19:52:05.3042350Z
EVT-000006956,2026-01-24T18:50:17.3042390Z,SYS-0330,api,sync,node-35,mem_usage,20463,MB,INFO,2026-01-24T18:50:19.3042390Z
EVT-000006957,2026-01-22T10:39:58.3042420Z,SYS-0198,api,auth,node-42,queue_depth,2969,count,INFO,2026-01-22T10:40:04.3042420Z
EVT-000006958,2026-01-23T00:33:24.3042450Z,SYS-0207,worker,dispatcher,node-42,latency_ms,237.9,ms,INFO,2026-01-23T00:33:36.3042450Z
EVT-000006959,2026-01-24T09:53:43.3042500Z,SYS-0420,cache,ingest,node-09,mem_usage,12822,MB,INFO,2026-01-24T09:54:02.3042500Z
EVT-000006960,2026-01-24T09:19:38.3042530Z,SYS-0160,worker,sync,node-25,mem_usage,6498,MB,INFO,2026-01-24T09:19:50.3042530Z
EVT-000006961,2026-01-22T22:17:47.3042560Z,SYS-0028,cache,dispatcher,node-36,queue_depth,962,count,INFO,2026-01-22T22:17:51.3042560Z
EVT-000006962,2026-01-22T03:13:32.3042590Z,SYS-0128,db,sync,node-35,cpu_usage,87.66,%,ERROR,2026-01-22T03:13:47.3042590Z
EVT-000006963,2026-01-22T08:28:06.3042620Z,SYS-0302,cache,dispatcher,node-32,cpu_usage,20.12,%,INFO,2026-01-22T08:28:06.3042620Z
EVT-000006964,2026-01-21T15:15:28.3042650Z,SYS-0399,db,ingest,node-11,cpu_usage,21.16,%,INFO,2026-01-21T15:15:34.3042650Z
EVT-000006965,2026-01-21T05:44:02.3042690Z,SYS-0447,worker,dispatcher,node-02,mem_usage,28645,MB,INFO,2026-01-21T05:44:21.3042690Z
EVT-000006966,2026-01-23T23:04:06.3042720Z,SYS-0099,worker,dispatcher,node-43,latency_ms,1035.1,ms,WARN,2026-01-23T23:04:18.3042720Z
EVT-000006967,2026-01-24T13:29:11.3042760Z,SYS-0374,cache,dispatcher,node-26,mem_usage,24911,MB,INFO,2026-01-24T13:29:37.3042760Z
EVT-000006968,2026-01-20T05:25:34.3042790Z,SYS-0045,cache,dispatcher,node-49,queue_depth,1966,count,INFO,2026-01-20T05:25:36.3042790Z
EVT-000006969,2026-01-25T23:48:29.3042820Z,SYS-0366,worker,dispatcher,node-41,cpu_usage,68.18,%,INFO,2026-01-25T23:48:50.3042820Z
EVT-000006970,2026-01-26T10:48:35.3042850Z,SYS-0026,api,sync,node-29,cpu_usage,80.07,%,WARN,2026-01-26T10:48:38.3042850Z
EVT-000006971,2026-01-20T20:30:07.3042890Z,SYS-0053,api,sync,node-11,mem_usage,9182,MB,INFO,2026-01-20T20:30:10.3042890Z
EVT-000006972,2026-01-20T07:07:44.3042920Z,SYS-0497,cache,dispatcher,node-26,latency_ms,1290.9,ms,ERROR,2026-01-20T07:08:08.3042920Z
EVT-000006973,2026-01-25T06:15:24.3042950Z,SYS-0229,cache,auth,node-32,latency_ms,950.3,ms,WARN,2026-01-25T06:15:25.3042950Z
EVT-000006974,2026-01-22T17:07:26.3042980Z,SYS-0384,api,sync,node-05,mem_usage,26115,MB,INFO,2026-01-22T17:07:33.3042980Z
EVT-000006975,2026-01-21T15:39:51.3043010Z,SYS-0350,cache,dispatcher,node-27,latency_ms,1188.4,ms,WARN,2026-01-21T15:40:04.3043010Z
EVT-000006976,2026-01-21T20:12:07.3043060Z,SYS-0175,db,dispatcher,node-11,latency_ms,971.9,ms,WARN,2026-01-21T20:12:12.3043060Z
EVT-000006977,2026-01-25T10:34:47.3043090Z,SYS-0118,db,auth,node-20,queue_depth,2290,count,INFO,2026-01-25T10:35:01.3043090Z
EVT-000006978,2026-01-21T12:43:02.3043130Z,SYS-0427,worker,sync,node-06,latency_ms,1217.6,ms,ERROR,2026-01-21T12:43:07.3043130Z
EVT-000006979,2026-01-21T00:57:20.3043160Z,SYS-0134,db,dispatcher,node-08,latency_ms,690.1,ms,INFO,2026-01-21T00:57:40.3043160Z
EVT-000006980,2026-01-25T06:25:34.3043190Z,SYS-0028,db,sync,node-09,latency_ms,95.7,ms,INFO,2026-01-25T06:25:37.3043190Z
EVT-000006981,2026-01-23T08:42:53.3043220Z,SYS-0204,worker,dispatcher,node-34,queue_depth,1194,count,INFO,2026-01-23T08:43:00.3043220Z
EVT-000006982,2026-01-22T13:38:06.3043250Z,SYS-0279,worker,ingest,node-25,mem_usage,22263,MB,INFO,2026-01-22T13:38:22.3043250Z
EVT-000006983,2026-01-25T12:58:55.3043280Z,SYS-0441,db,dispatcher,node-05,latency_ms,927.5,ms,WARN,2026-01-25T12:59:18.3043280Z
EVT-000006984,2026-01-22T08:15:43.3043320Z,SYS-0379,worker,sync,node-03,cpu_usage,11.92,%,INFO,2026-01-22T08:16:06.3043320Z
EVT-000006985,2026-01-23T14:40:37.3043350Z,SYS-0074,worker,ingest,node-26,latency_ms,195.2,ms,INFO,2026-01-23T14:40:37.3043350Z
EVT-000006986,2026-01-24T21:22:21.3043380Z,SYS-0065,db,ingest,node-27,latency_ms,574.7,ms,INFO,2026-01-24T21:22:32.3043380Z
EVT-000006987,2026-01-24T23:50:24.3043410Z,SYS-0003,cache,sync,node-07,cpu_usage,21.28,%,INFO,2026-01-24T23:50:47.3043410Z
EVT-000006988,2026-01-26T14:51:06.3043440Z,SYS-0019,api,dispatcher,node-12,latency_ms,767.3,ms,INFO,2026-01-26T14:51:20.3043440Z
EVT-000006989,2026-01-22T22:56:46.3043470Z,SYS-0361,cache,sync,node-02,latency_ms,211.8,ms,INFO,2026-01-22T22:57:08.3043470Z
EVT-000006990,2026-01-27T03:35:49.3043500Z,SYS-0069,cache,dispatcher,node-11,cpu_usage,66.99,%,INFO,2026-01-27T03:36:00.3043500Z
EVT-000006991,2026-01-22T08:23:48.3043530Z,SYS-0060,cache,auth,node-20,latency_ms,845.4,ms,WARN,2026-01-22T08:24:16.3043530Z
EVT-000006992,2026-01-26T05:55:35.3043560Z,SYS-0002,cache,sync,node-42,cpu_usage,30.05,%,INFO,2026-01-26T05:55:53.3043560Z
EVT-000006993,2026-01-24T09:34:30.3043610Z,SYS-0254,api,dispatcher,node-44,cpu_usage,32.44,%,INFO,2026-01-24T09:34:56.3043610Z
EVT-000006994,2026-01-21T17:27:11.3043640Z,SYS-0075,db,dispatcher,node-09,cpu_usage,13.29,%,INFO,2026-01-21T17:27:21.3043640Z
EVT-000006995,2026-01-22T07:47:16.3043670Z,SYS-0040,db,auth,node-46,mem_usage,22151,MB,INFO,2026-01-22T07:47:20.3043670Z
EVT-000006996,2026-01-23T06:16:22.3043700Z,SYS-0095,worker,auth,node-04,queue_depth,3752,count,INFO,2026-01-23T06:16:47.3043700Z
EVT-000006997,2026-01-24T16:15:44.3043730Z,SYS-0396,worker,ingest,node-44,latency_ms,179.6,ms,INFO,2026-01-24T16:16:08.3043730Z
EVT-000006998,2026-01-21T22:28:50.3043770Z,SYS-0287,api,sync,node-13,queue_depth,2564,count,INFO,2026-01-21T22:29:17.3043770Z
EVT-000006999,2026-01-26T02:19:14.3043800Z,SYS-0064,api,dispatcher,node-32,cpu_usage,24.38,%,INFO,2026-01-26T02:19:38.3043800Z
EVT-000007000,2026-01-25T14:54:18.3043830Z,SYS-0211,db,ingest,node-32,mem_usage,11153,MB,INFO,2026-01-25T14:54:29.3043830Z
EVT-000007001,2026-01-23T19:06:24.3043870Z,SYS-0488,api,sync,node-43,mem_usage,28787,MB,INFO,2026-01-23T19:06:52.3043870Z
EVT-000007002,2026-01-22T22:47:15.3043910Z,SYS-0095,worker,sync,node-15,mem_usage,14856,MB,INFO,2026-01-22T22:47:35.3043910Z
EVT-000007003,2026-01-22T07:47:24.3043950Z,SYS-0319,api,dispatcher,node-25,latency_ms,1381.4,ms,ERROR,2026-01-22T07:47:41.3043950Z
EVT-000007004,2026-01-23T11:44:21.3043980Z,SYS-0093,cache,sync,node-10,mem_usage,23765,MB,INFO,2026-01-23T11:44:28.3043980Z
EVT-000007005,2026-01-23T10:44:19.3044010Z,SYS-0472,cache,sync,node-21,cpu_usage,83.87,%,WARN,2026-01-23T10:44:26.3044010Z
EVT-000007006,2026-01-24T07:30:14.3044040Z,SYS-0328,cache,sync,node-43,latency_ms,1294.4,ms,ERROR,2026-01-24T07:30:43.3044040Z
EVT-000007007,2026-01-24T05:26:32.3044070Z,SYS-0028,api,dispatcher,node-09,mem_usage,23527,MB,INFO,2026-01-24T05:26:33.3044070Z
EVT-000007008,2026-01-23T07:20:13.3044100Z,SYS-0222,cache,ingest,node-25,mem_usage,9565,MB,INFO,2026-01-23T07:20:26.3044100Z
EVT-000007009,2026-01-23T07:41:47.3044130Z,SYS-0386,api,sync,node-28,cpu_usage,21.84,%,INFO,2026-01-23T07:42:09.3044130Z
EVT-000007010,2026-01-22T05:59:22.3044180Z,SYS-0287,db,dispatcher,node-08,mem_usage,27165,MB,INFO,2026-01-22T05:59:31.3044180Z
EVT-000007011,2026-01-21T06:22:06.3044210Z,SYS-0237,db,auth,node-19,queue_depth,1765,count,INFO,2026-01-21T06:22:12.3044210Z
EVT-000007012,2026-01-21T08:13:28.3044240Z,SYS-0218,api,dispatcher,node-16,cpu_usage,8.94,%,INFO,2026-01-21T08:13:39.3044240Z
EVT-000007013,2026-01-21T14:32:10.3044270Z,SYS-0128,cache,auth,node-38,mem_usage,27784,MB,INFO,2026-01-21T14:32:36.3044270Z
EVT-000007014,2026-01-22T22:56:55.3044310Z,SYS-0237,api,ingest,node-35,latency_ms,401.6,ms,INFO,2026-01-22T22:57:13.3044310Z
EVT-000007015,2026-01-22T01:59:24.3044340Z,SYS-0054,worker,auth,node-45,cpu_usage,20.45,%,INFO,2026-01-22T01:59:36.3044340Z
EVT-000007016,2026-01-23T04:00:57.3044370Z,SYS-0130,api,auth,node-48,cpu_usage,26.93,%,INFO,2026-01-23T04:01:12.3044370Z
EVT-000007017,2026-01-21T09:13:20.3044410Z,SYS-0430,worker,dispatcher,node-23,queue_depth,4720,count,INFO,2026-01-21T09:13:38.3044410Z
EVT-000007018,2026-01-24T17:05:39.3044440Z,SYS-0352,worker,dispatcher,node-25,latency_ms,232.1,ms,INFO,2026-01-24T17:05:44.3044440Z
EVT-000007019,2026-01-25T12:48:41.3044480Z,SYS-0304,worker,auth,node-41,cpu_usage,88.62,%,ERROR,2026-01-25T12:48:43.3044480Z
EVT-000007020,2026-01-22T14:28:20.3044520Z,SYS-0134,db,ingest,node-18,queue_depth,4175,count,INFO,2026-01-22T14:28:26.3044520Z
EVT-000007021,2026-01-21T02:40:20.3044550Z,SYS-0330,api,dispatcher,node-20,mem_usage,5248,MB,INFO,2026-01-21T02:40:24.3044550Z
EVT-000007022,2026-01-22T12:23:46.3044580Z,SYS-0267,worker,auth,node-42,mem_usage,7953,MB,INFO,2026-01-22T12:23:49.3044580Z
EVT-000007023,2026-01-23T16:04:24.3044610Z,SYS-0391,cache,sync,node-42,cpu_usage,72.62,%,WARN,2026-01-23T16:04:51.3044610Z
EVT-000007024,2026-01-20T22:39:49.3044640Z,SYS-0121,cache,auth,node-04,mem_usage,15441,MB,INFO,2026-01-20T22:40:15.3044640Z
EVT-000007025,2026-01-21T10:48:30.3044680Z,SYS-0313,db,dispatcher,node-34,mem_usage,31365,MB,INFO,2026-01-21T10:48:43.3044680Z
EVT-000007026,2026-01-21T10:19:26.3044710Z,SYS-0248,api,sync,node-31,queue_depth,1913,count,INFO,2026-01-21T10:19:27.3044710Z
EVT-000007027,2026-01-25T21:10:42.3044740Z,SYS-0003,worker,ingest,node-39,mem_usage,26393,MB,INFO,2026-01-25T21:11:09.3044740Z
EVT-000007028,2026-01-22T03:18:00.3044780Z,SYS-0285,cache,auth,node-27,latency_ms,1208.9,ms,ERROR,2026-01-22T03:18:01.3044780Z
EVT-000007029,2026-01-21T13:42:07.3044820Z,SYS-0252,worker,auth,node-29,mem_usage,32218,MB,INFO,2026-01-21T13:42:31.3044820Z
EVT-000007030,2026-01-25T18:18:57.3044850Z,SYS-0065,cache,sync,node-01,mem_usage,28462,MB,INFO,2026-01-25T18:19:22.3044850Z
EVT-000007031,2026-01-24T11:18:03.3044880Z,SYS-0500,api,auth,node-03,latency_ms,179.5,ms,INFO,2026-01-24T11:18:27.3044880Z
EVT-000007032,2026-01-23T16:30:32.3044910Z,SYS-0248,cache,auth,node-20,latency_ms,443.4,ms,INFO,2026-01-23T16:30:52.3044910Z
EVT-000007033,2026-01-22T16:54:24.3044940Z,SYS-0158,api,auth,node-20,cpu_usage,26.97,%,INFO,2026-01-22T16:54:24.3044940Z
EVT-000007034,2026-01-24T01:25:32.3044970Z,SYS-0294,cache,ingest,node-29,mem_usage,6376,MB,INFO,2026-01-24T01:25:52.3044970Z
EVT-000007035,2026-01-25T22:01:55.3045000Z,SYS-0353,worker,ingest,node-40,queue_depth,3359,count,INFO,2026-01-25T22:02:06.3045000Z
EVT-000007036,2026-01-27T04:28:18.3045050Z,SYS-0474,worker,auth,node-23,latency_ms,617.5,ms,INFO,2026-01-27T04:28:43.3045050Z
EVT-000007037,2026-01-22T06:06:17.3045080Z,SYS-0199,db,ingest,node-12,queue_depth,4070,count,INFO,2026-01-22T06:06:39.3045080Z
EVT-000007038,2026-01-24T16:25:40.3045120Z,SYS-0257,api,sync,node-06,mem_usage,26327,MB,INFO,2026-01-24T16:25:49.3045120Z
EVT-000007039,2026-01-20T10:55:58.3045150Z,SYS-0242,worker,ingest,node-26,latency_ms,1055.8,ms,WARN,2026-01-20T10:56:17.3045150Z
EVT-000007040,2026-01-26T06:45:36.3045200Z,SYS-0022,db,sync,node-37,cpu_usage,21.1,%,INFO,2026-01-26T06:45:41.3045200Z
EVT-000007041,2026-01-20T13:09:47.3045230Z,SYS-0383,cache,auth,node-40,mem_usage,7353,MB,INFO,2026-01-20T13:10:13.3045230Z
EVT-000007042,2026-01-20T16:36:56.3045260Z,SYS-0293,cache,sync,node-34,cpu_usage,10.89,%,INFO,2026-01-20T16:37:00.3045260Z
EVT-000007043,2026-01-26T14:43:26.3045300Z,SYS-0028,cache,dispatcher,node-24,queue_depth,2380,count,INFO,2026-01-26T14:43:46.3045300Z
EVT-000007044,2026-01-23T00:29:49.3045330Z,SYS-0347,api,auth,node-01,mem_usage,31431,MB,INFO,2026-01-23T00:29:59.3045330Z
EVT-000007045,2026-01-21T11:31:08.3045380Z,SYS-0461,worker,sync,node-32,queue_depth,2778,count,INFO,2026-01-21T11:31:16.3045380Z
EVT-000007046,2026-01-24T03:44:41.3045410Z,SYS-0232,cache,dispatcher,node-49,mem_usage,9492,MB,INFO,2026-01-24T03:45:10.3045410Z
EVT-000007047,2026-01-23T21:34:45.3045440Z,SYS-0404,worker,ingest,node-19,cpu_usage,64.26,%,INFO,2026-01-23T21:34:53.3045440Z
EVT-000007048,2026-01-23T13:06:34.3045470Z,SYS-0365,worker,auth,node-23,cpu_usage,89.45,%,ERROR,2026-01-23T13:06:52.3045470Z
EVT-000007049,2026-01-23T13:26:33.3045500Z,SYS-0091,cache,dispatcher,node-46,queue_depth,1393,count,INFO,2026-01-23T13:26:47.3045500Z
EVT-000007050,2026-01-25T03:36:07.3045530Z,SYS-0479,db,auth,node-45,queue_depth,515,count,INFO,2026-01-25T03:36:19.3045530Z
EVT-000007051,2026-01-26T06:01:53.3045560Z,SYS-0306,api,auth,node-04,mem_usage,7260,MB,INFO,2026-01-26T06:02:00.3045560Z
EVT-000007052,2026-01-25T11:14:46.3045590Z,SYS-0405,api,dispatcher,node-07,mem_usage,12230,MB,INFO,2026-01-25T11:15:01.3045590Z
EVT-000007053,2026-01-25T08:19:30.3045620Z,SYS-0141,worker,dispatcher,node-23,queue_depth,2517,count,INFO,2026-01-25T08:19:45.3045620Z
EVT-000007054,2026-01-21T22:03:12.3045670Z,SYS-0393,api,sync,node-25,queue_depth,2796,count,INFO,2026-01-21T22:03:30.3045670Z
EVT-000007055,2026-01-24T20:07:23.3045700Z,SYS-0098,db,dispatcher,node-40,queue_depth,2273,count,INFO,2026-01-24T20:07:52.3045700Z
EVT-000007056,2026-01-26T19:29:47.3045740Z,SYS-0411,worker,auth,node-32,mem_usage,12850,MB,INFO,2026-01-26T19:30:04.3045740Z
EVT-000007057,2026-01-20T22:55:24.3045770Z,SYS-0232,worker,ingest,node-11,mem_usage,27410,MB,INFO,2026-01-20T22:55:27.3045770Z
EVT-000007058,2026-01-22T21:25:13.3045790Z,SYS-0475,db,sync,node-05,latency_ms,975.6,ms,WARN,2026-01-22T21:25:20.3045790Z
EVT-000007059,2026-01-21T16:03:28.3045830Z,SYS-0154,worker,dispatcher,node-37,queue_depth,2176,count,INFO,2026-01-21T16:03:52.3045830Z
EVT-000007060,2026-01-25T23:53:48.3045860Z,SYS-0493,cache,ingest,node-02,mem_usage,20063,MB,INFO,2026-01-25T23:53:59.3045860Z
EVT-000007061,2026-01-24T22:37:26.3045890Z,SYS-0066,cache,auth,node-08,latency_ms,818.6,ms,WARN,2026-01-24T22:37:36.3045890Z
EVT-000007062,2026-01-25T21:16:44.3045940Z,SYS-0404,db,dispatcher,node-03,cpu_usage,26.5,%,INFO,2026-01-25T21:16:49.3045940Z
EVT-000007063,2026-01-26T17:49:13.3045970Z,SYS-0442,cache,sync,node-04,mem_usage,10377,MB,INFO,2026-01-26T17:49:13.3045970Z
EVT-000007064,2026-01-22T02:45:13.3046010Z,SYS-0349,cache,auth,node-24,cpu_usage,83.1,%,WARN,2026-01-22T02:45:23.3046010Z
EVT-000007065,2026-01-24T22:42:50.3046040Z,SYS-0253,cache,dispatcher,node-47,queue_depth,2257,count,INFO,2026-01-24T22:43:13.3046040Z
EVT-000007066,2026-01-22T15:03:39.3046070Z,SYS-0487,db,dispatcher,node-39,queue_depth,3649,count,INFO,2026-01-22T15:04:01.3046070Z
EVT-000007067,2026-01-20T12:41:18.3046100Z,SYS-0322,worker,auth,node-25,mem_usage,4005,MB,INFO,2026-01-20T12:41:42.3046100Z
EVT-000007068,2026-01-26T04:23:15.3046130Z,SYS-0386,api,sync,node-07,mem_usage,27594,MB,INFO,2026-01-26T04:23:43.3046130Z
EVT-000007069,2026-01-23T06:15:40.3046170Z,SYS-0004,db,ingest,node-15,mem_usage,8177,MB,INFO,2026-01-23T06:15:52.3046170Z
EVT-000007070,2026-01-24T00:13:31.3046200Z,SYS-0276,db,auth,node-43,mem_usage,9126,MB,INFO,2026-01-24T00:14:00.3046200Z
EVT-000007071,2026-01-26T16:39:06.3046250Z,SYS-0077,worker,dispatcher,node-38,queue_depth,1080,count,INFO,2026-01-26T16:39:17.3046250Z
EVT-000007072,2026-01-23T23:30:17.3046280Z,SYS-0465,api,auth,node-31,latency_ms,307.6,ms,INFO,2026-01-23T23:30:20.3046280Z
EVT-000007073,2026-01-23T20:52:44.3046310Z,SYS-0220,cache,dispatcher,node-03,cpu_usage,37.5,%,INFO,2026-01-23T20:52:56.3046310Z
EVT-000007074,2026-01-24T00:43:09.3046340Z,SYS-0446,db,dispatcher,node-34,cpu_usage,12.96,%,INFO,2026-01-24T00:43:24.3046340Z
EVT-000007075,2026-01-25T16:52:43.3046370Z,SYS-0273,worker,dispatcher,node-41,cpu_usage,39.83,%,INFO,2026-01-25T16:53:06.3046370Z
EVT-000007076,2026-01-24T01:46:34.3046410Z,SYS-0227,api,sync,node-07,cpu_usage,90.24,%,ERROR,2026-01-24T01:46:44.3046410Z
EVT-000007077,2026-01-21T15:30:46.3046440Z,SYS-0059,cache,sync,node-19,mem_usage,13555,MB,INFO,2026-01-21T15:31:09.3046440Z
EVT-000007078,2026-01-24T13:51:44.3046470Z,SYS-0005,worker,dispatcher,node-01,mem_usage,12711,MB,INFO,2026-01-24T13:52:09.3046470Z
EVT-000007079,2026-01-26T09:26:17.3046510Z,SYS-0347,db,auth,node-24,cpu_usage,61.92,%,INFO,2026-01-26T09:26:18.3046510Z
EVT-000007080,2026-01-24T19:44:51.3046550Z,SYS-0393,cache,ingest,node-01,latency_ms,533.4,ms,INFO,2026-01-24T19:45:19.3046550Z
EVT-000007081,2026-01-27T00:53:36.3046580Z,SYS-0133,db,ingest,node-03,queue_depth,402,count,INFO,2026-01-27T00:53:40.3046580Z
EVT-000007082,2026-01-23T11:17:15.3046610Z,SYS-0354,api,dispatcher,node-29,queue_depth,977,count,INFO,2026-01-23T11:17:17.3046610Z
EVT-000007083,2026-01-26T07:49:53.3046650Z,SYS-0394,db,sync,node-20,latency_ms,1449.2,ms,ERROR,2026-01-26T07:50:07.3046650Z
EVT-000007084,2026-01-21T15:31:26.3046680Z,SYS-0424,worker,ingest,node-24,latency_ms,1177.7,ms,WARN,2026-01-21T15:31:45.3046680Z
EVT-000007085,2026-01-25T22:48:50.3046710Z,SYS-0046,cache,dispatcher,node-33,latency_ms,479.3,ms,INFO,2026-01-25T22:49:08.3046710Z
EVT-000007086,2026-01-23T11:23:21.3046740Z,SYS-0326,cache,dispatcher,node-03,latency_ms,806.9,ms,WARN,2026-01-23T11:23:38.3046740Z
EVT-000007087,2026-01-26T17:35:13.3046770Z,SYS-0234,db,auth,node-24,latency_ms,1431.4,ms,ERROR,2026-01-26T17:35:22.3046770Z
EVT-000007088,2026-01-24T22:11:28.3046820Z,SYS-0241,api,auth,node-15,mem_usage,17825,MB,INFO,2026-01-24T22:11:55.3046820Z
EVT-000007089,2026-01-25T08:09:40.3046850Z,SYS-0193,api,sync,node-30,mem_usage,28627,MB,INFO,2026-01-25T08:09:54.3046850Z
EVT-000007090,2026-01-22T12:01:13.3046880Z,SYS-0172,cache,ingest,node-47,cpu_usage,11.46,%,INFO,2026-01-22T12:01:22.3046880Z
EVT-000007091,2026-01-21T23:53:54.3046920Z,SYS-0421,cache,auth,node-15,queue_depth,1561,count,INFO,2026-01-21T23:53:58.3046920Z
EVT-000007092,2026-01-26T08:43:56.3046950Z,SYS-0429,worker,auth,node-36,cpu_usage,84.74,%,WARN,2026-01-26T08:43:59.3046950Z
EVT-000007093,2026-01-26T03:50:28.3046980Z,SYS-0304,cache,ingest,node-33,cpu_usage,88.92,%,ERROR,2026-01-26T03:50:45.3046980Z
EVT-000007094,2026-01-26T07:44:08.3047010Z,SYS-0128,cache,auth,node-05,cpu_usage,15.62,%,INFO,2026-01-26T07:44:20.3047010Z
EVT-000007095,2026-01-24T13:16:42.3047040Z,SYS-0210,cache,sync,node-25,queue_depth,153,count,INFO,2026-01-24T13:16:44.3047040Z
EVT-000007096,2026-01-24T13:29:58.3047080Z,SYS-0209,worker,ingest,node-49,queue_depth,2729,count,INFO,2026-01-24T13:30:11.3047080Z
EVT-000007097,2026-01-25T06:27:28.3047120Z,SYS-0351,db,sync,node-17,mem_usage,1011,MB,INFO,2026-01-25T06:27:55.3047120Z
EVT-000007098,2026-01-20T15:15:27.3047150Z,SYS-0425,worker,auth,node-40,cpu_usage,63.03,%,INFO,2026-01-20T15:15:49.3047150Z
EVT-000007099,2026-01-23T02:43:46.3047190Z,SYS-0163,cache,sync,node-10,mem_usage,20344,MB,INFO,2026-01-23T02:44:03.3047190Z
EVT-000007100,2026-01-21T00:27:20.3047210Z,SYS-0237,db,auth,node-34,cpu_usage,18.85,%,INFO,2026-01-21T00:27:41.3047210Z
EVT-000007101,2026-01-27T03:47:13.3047250Z,SYS-0189,db,sync,node-29,latency_ms,1202.9,ms,ERROR,2026-01-27T03:47:25.3047250Z
EVT-000007102,2026-01-20T21:46:49.3047280Z,SYS-0313,db,ingest,node-05,latency_ms,879,ms,WARN,2026-01-20T21:47:12.3047280Z
EVT-000007103,2026-01-27T01:08:41.3047310Z,SYS-0206,api,ingest,node-47,cpu_usage,21.01,%,INFO,2026-01-27T01:08:43.3047310Z
EVT-000007104,2026-01-22T03:55:38.3047340Z,SYS-0024,cache,dispatcher,node-40,latency_ms,883.8,ms,WARN,2026-01-22T03:55:58.3047340Z
EVT-000007105,2026-01-20T11:05:23.3047370Z,SYS-0272,worker,sync,node-25,cpu_usage,37.44,%,INFO,2026-01-20T11:05:38.3047370Z
EVT-000007106,2026-01-23T02:47:40.3047420Z,SYS-0379,cache,ingest,node-44,latency_ms,732.8,ms,INFO,2026-01-23T02:48:06.3047420Z
EVT-000007107,2026-01-23T22:39:02.3047460Z,SYS-0349,worker,sync,node-10,mem_usage,30549,MB,INFO,2026-01-23T22:39:07.3047460Z
EVT-000007108,2026-01-22T19:32:37.3047500Z,SYS-0331,worker,ingest,node-01,latency_ms,304.1,ms,INFO,2026-01-22T19:32:38.3047500Z
EVT-000007109,2026-01-23T12:32:36.3047530Z,SYS-0412,cache,ingest,node-33,cpu_usage,41.48,%,INFO,2026-01-23T12:32:37.3047530Z
EVT-000007110,2026-01-26T09:54:04.3047560Z,SYS-0022,api,auth,node-18,queue_depth,637,count,INFO,2026-01-26T09:54:20.3047560Z
EVT-000007111,2026-01-25T17:21:45.3047600Z,SYS-0092,cache,auth,node-16,mem_usage,17562,MB,INFO,2026-01-25T17:22:03.3047600Z
EVT-000007112,2026-01-23T01:42:18.3047630Z,SYS-0432,api,dispatcher,node-46,latency_ms,1436.2,ms,ERROR,2026-01-23T01:42:34.3047630Z
EVT-000007113,2026-01-22T01:05:36.3047660Z,SYS-0136,db,auth,node-01,latency_ms,1384.9,ms,ERROR,2026-01-22T01:05:44.3047660Z
EVT-000007114,2026-01-23T00:46:11.3047710Z,SYS-0471,api,auth,node-17,latency_ms,183.4,ms,INFO,2026-01-23T00:46:27.3047710Z
EVT-000007115,2026-01-22T00:00:37.3047750Z,SYS-0103,cache,dispatcher,node-48,cpu_usage,33.3,%,INFO,2026-01-22T00:00:45.3047750Z
EVT-000007116,2026-01-25T16:00:21.3047780Z,SYS-0374,cache,dispatcher,node-46,queue_depth,2967,count,INFO,2026-01-25T16:00:23.3047780Z
EVT-000007117,2026-01-22T16:53:28.3047820Z,SYS-0276,db,auth,node-04,cpu_usage,13.88,%,INFO,2026-01-22T16:53:36.3047820Z
EVT-000007118,2026-01-21T05:30:36.3047860Z,SYS-0113,cache,sync,node-04,mem_usage,28237,MB,INFO,2026-01-21T05:30:58.3047860Z
EVT-000007119,2026-01-23T20:25:26.3047890Z,SYS-0314,worker,ingest,node-43,cpu_usage,59.89,%,INFO,2026-01-23T20:25:54.3047890Z
EVT-000007120,2026-01-22T03:57:52.3047920Z,SYS-0395,cache,sync,node-48,cpu_usage,76.74,%,WARN,2026-01-22T03:58:02.3047920Z
EVT-000007121,2026-01-23T20:40:49.3047960Z,SYS-0007,api,dispatcher,node-07,cpu_usage,51.76,%,INFO,2026-01-23T20:40:52.3047960Z
EVT-000007122,2026-01-20T21:16:58.3048000Z,SYS-0161,db,dispatcher,node-13,latency_ms,1019.1,ms,WARN,2026-01-20T21:17:24.3048000Z
EVT-000007123,2026-01-20T09:54:58.3048040Z,SYS-0051,api,sync,node-14,latency_ms,532.4,ms,INFO,2026-01-20T09:55:26.3048040Z
EVT-000007124,2026-01-26T02:59:33.3048070Z,SYS-0074,api,sync,node-14,latency_ms,1013.1,ms,WARN,2026-01-26T02:59:45.3048070Z
EVT-000007125,2026-01-22T05:30:09.3048100Z,SYS-0051,api,auth,node-17,cpu_usage,70.04,%,WARN,2026-01-22T05:30:12.3048100Z
EVT-000007126,2026-01-27T02:37:07.3048130Z,SYS-0412,db,ingest,node-28,latency_ms,329.8,ms,INFO,2026-01-27T02:37:10.3048130Z
EVT-000007127,2026-01-23T19:52:15.3048160Z,SYS-0440,worker,dispatcher,node-03,mem_usage,14694,MB,INFO,2026-01-23T19:52:34.3048160Z
EVT-000007128,2026-01-25T06:32:02.3048200Z,SYS-0042,cache,dispatcher,node-46,cpu_usage,22.81,%,INFO,2026-01-25T06:32:21.3048200Z
EVT-000007129,2026-01-21T13:21:50.3048230Z,SYS-0205,worker,auth,node-46,queue_depth,2812,count,INFO,2026-01-21T13:22:01.3048230Z
EVT-000007130,2026-01-26T14:15:47.3048260Z,SYS-0173,api,sync,node-13,latency_ms,619.4,ms,INFO,2026-01-26T14:16:14.3048260Z
EVT-000007131,2026-01-20T14:09:54.3048290Z,SYS-0054,api,sync,node-22,latency_ms,150.6,ms,INFO,2026-01-20T14:10:13.3048290Z
EVT-000007132,2026-01-21T01:50:59.3048340Z,SYS-0271,worker,sync,node-12,queue_depth,3953,count,INFO,2026-01-21T01:51:17.3048340Z
EVT-000007133,2026-01-23T16:53:48.3048370Z,SYS-0173,cache,auth,node-27,cpu_usage,12.92,%,INFO,2026-01-23T16:53:57.3048370Z
EVT-000007134,2026-01-21T03:10:50.3048400Z,SYS-0291,worker,ingest,node-14,latency_ms,359.2,ms,INFO,2026-01-21T03:11:10.3048400Z
EVT-000007135,2026-01-21T04:50:36.3048430Z,SYS-0383,api,dispatcher,node-04,latency_ms,1254.2,ms,ERROR,2026-01-21T04:50:45.3048430Z
EVT-000007136,2026-01-22T17:30:21.3048460Z,SYS-0191,db,sync,node-12,mem_usage,19090,MB,INFO,2026-01-22T17:30:37.3048460Z
EVT-000007137,2026-01-21T00:23:04.3048490Z,SYS-0166,cache,dispatcher,node-45,mem_usage,18256,MB,INFO,2026-01-21T00:23:04.3048490Z
EVT-000007138,2026-01-22T12:24:59.3048520Z,SYS-0337,api,dispatcher,node-15,mem_usage,21750,MB,INFO,2026-01-22T12:25:08.3048520Z
EVT-000007139,2026-01-21T09:47:27.3048560Z,SYS-0263,db,sync,node-34,latency_ms,1227.9,ms,ERROR,2026-01-21T09:47:42.3048560Z
EVT-000007140,2026-01-27T03:08:01.3048600Z,SYS-0021,cache,auth,node-27,queue_depth,1358,count,INFO,2026-01-27T03:08:01.3048600Z
EVT-000007141,2026-01-24T05:21:09.3048650Z,SYS-0429,api,dispatcher,node-08,mem_usage,31335,MB,INFO,2026-01-24T05:21:15.3048650Z
EVT-000007142,2026-01-20T15:45:29.3048680Z,SYS-0084,cache,sync,node-35,latency_ms,842.4,ms,WARN,2026-01-20T15:45:50.3048680Z
EVT-000007143,2026-01-23T04:06:00.3048710Z,SYS-0419,api,ingest,node-36,cpu_usage,90.32,%,ERROR,2026-01-23T04:06:15.3048710Z
EVT-000007144,2026-01-24T23:34:22.3048740Z,SYS-0001,worker,dispatcher,node-21,mem_usage,11267,MB,INFO,2026-01-24T23:34:34.3048740Z
EVT-000007145,2026-01-20T08:25:09.3048770Z,SYS-0038,cache,sync,node-11,queue_depth,2528,count,INFO,2026-01-20T08:25:25.3048770Z
EVT-000007146,2026-01-23T08:19:40.3048800Z,SYS-0078,worker,ingest,node-10,mem_usage,4110,MB,INFO,2026-01-23T08:19:54.3048800Z
EVT-000007147,2026-01-21T00:39:14.3048830Z,SYS-0453,worker,ingest,node-31,queue_depth,1407,count,INFO,2026-01-21T00:39:41.3048830Z
EVT-000007148,2026-01-21T13:28:40.3048860Z,SYS-0292,worker,auth,node-47,cpu_usage,6.08,%,INFO,2026-01-21T13:29:04.3048860Z
EVT-000007149,2026-01-27T04:12:51.3048910Z,SYS-0238,cache,ingest,node-06,cpu_usage,69.02,%,INFO,2026-01-27T04:13:00.3048910Z
EVT-000007150,2026-01-26T12:20:14.3048950Z,SYS-0050,api,ingest,node-43,mem_usage,12821,MB,INFO,2026-01-26T12:20:40.3048950Z
EVT-000007151,2026-01-21T09:00:55.3048980Z,SYS-0419,worker,ingest,node-48,queue_depth,3441,count,INFO,2026-01-21T09:01:18.3048980Z
EVT-000007152,2026-01-23T23:22:52.3049010Z,SYS-0491,db,ingest,node-15,mem_usage,1630,MB,INFO,2026-01-23T23:22:56.3049010Z
EVT-000007153,2026-01-24T13:42:54.3049040Z,SYS-0223,db,ingest,node-22,mem_usage,14772,MB,INFO,2026-01-24T13:42:59.3049040Z
EVT-000007154,2026-01-23T19:21:47.3049070Z,SYS-0215,worker,ingest,node-22,queue_depth,56,count,INFO,2026-01-23T19:21:52.3049070Z
EVT-000007155,2026-01-25T18:07:05.3049100Z,SYS-0166,worker,auth,node-36,queue_depth,4151,count,INFO,2026-01-25T18:07:28.3049100Z
EVT-000007156,2026-01-20T07:07:42.3049130Z,SYS-0079,cache,auth,node-29,cpu_usage,69.37,%,INFO,2026-01-20T07:07:43.3049130Z
EVT-000007157,2026-01-24T06:46:07.3049190Z,SYS-0341,worker,sync,node-36,queue_depth,3314,count,INFO,2026-01-24T06:46:18.3049190Z
EVT-000007158,2026-01-26T14:27:20.3049220Z,SYS-0001,worker,ingest,node-13,cpu_usage,41.21,%,INFO,2026-01-26T14:27:49.3049220Z
EVT-000007159,2026-01-22T17:34:31.3049250Z,SYS-0026,worker,dispatcher,node-04,latency_ms,1111.6,ms,WARN,2026-01-22T17:34:49.3049250Z
EVT-000007160,2026-01-26T08:03:54.3049280Z,SYS-0243,cache,sync,node-31,mem_usage,26030,MB,INFO,2026-01-26T08:04:15.3049280Z
EVT-000007161,2026-01-23T11:40:50.3049320Z,SYS-0198,worker,ingest,node-14,queue_depth,3745,count,INFO,2026-01-23T11:41:10.3049320Z
EVT-000007162,2026-01-22T19:22:23.3049350Z,SYS-0428,db,ingest,node-10,mem_usage,31218,MB,INFO,2026-01-22T19:22:45.3049350Z
EVT-000007163,2026-01-26T06:09:06.3049370Z,SYS-0381,api,ingest,node-31,latency_ms,1377.1,ms,ERROR,2026-01-26T06:09:34.3049370Z
EVT-000007164,2026-01-26T17:02:25.3049410Z,SYS-0397,cache,auth,node-37,mem_usage,25735,MB,INFO,2026-01-26T17:02:31.3049410Z
EVT-000007165,2026-01-24T12:22:44.3049440Z,SYS-0095,cache,dispatcher,node-35,queue_depth,4024,count,INFO,2026-01-24T12:22:53.3049440Z
EVT-000007166,2026-01-24T21:01:54.3049480Z,SYS-0456,worker,auth,node-11,cpu_usage,44.91,%,INFO,2026-01-24T21:02:09.3049480Z
EVT-000007167,2026-01-20T12:22:51.3049510Z,SYS-0152,db,dispatcher,node-09,mem_usage,16219,MB,INFO,2026-01-20T12:23:05.3049510Z
EVT-000007168,2026-01-25T05:15:51.3049540Z,SYS-0166,cache,sync,node-39,queue_depth,3948,count,INFO,2026-01-25T05:15:53.3049540Z
EVT-000007169,2026-01-26T11:45:01.3049570Z,SYS-0322,db,auth,node-23,cpu_usage,88.85,%,ERROR,2026-01-26T11:45:29.3049570Z
EVT-000007170,2026-01-20T15:21:40.3049600Z,SYS-0385,api,ingest,node-24,queue_depth,4582,count,INFO,2026-01-20T15:21:50.3049600Z
EVT-000007171,2026-01-20T15:50:57.3049630Z,SYS-0239,db,sync,node-43,latency_ms,1357.6,ms,ERROR,2026-01-20T15:51:17.3049630Z
EVT-000007172,2026-01-21T14:02:52.3049660Z,SYS-0440,worker,sync,node-42,mem_usage,19807,MB,INFO,2026-01-21T14:02:55.3049660Z
EVT-000007173,2026-01-24T06:28:40.3049690Z,SYS-0003,api,ingest,node-25,mem_usage,28638,MB,INFO,2026-01-24T06:28:51.3049690Z
EVT-000007174,2026-01-21T15:52:02.3049720Z,SYS-0211,cache,sync,node-03,latency_ms,733.6,ms,INFO,2026-01-21T15:52:14.3049720Z
EVT-000007175,2026-01-26T04:12:14.3049770Z,SYS-0433,api,sync,node-39,mem_usage,13867,MB,INFO,2026-01-26T04:12:36.3049770Z
EVT-000007176,2026-01-22T17:23:31.3049800Z,SYS-0294,worker,ingest,node-37,queue_depth,1236,count,INFO,2026-01-22T17:23:36.3049800Z
EVT-000007177,2026-01-20T19:48:15.3049830Z,SYS-0213,db,sync,node-27,mem_usage,14786,MB,INFO,2026-01-20T19:48:32.3049830Z
EVT-000007178,2026-01-20T16:40:34.3049860Z,SYS-0153,api,sync,node-01,mem_usage,28938,MB,INFO,2026-01-20T16:40:45.3049860Z
EVT-000007179,2026-01-21T19:28:50.3049880Z,SYS-0289,cache,dispatcher,node-09,mem_usage,1293,MB,INFO,2026-01-21T19:29:07.3049880Z
EVT-000007180,2026-01-21T13:39:15.3049910Z,SYS-0003,cache,dispatcher,node-07,mem_usage,22189,MB,INFO,2026-01-21T13:39:20.3049910Z
EVT-000007181,2026-01-26T16:34:11.3049950Z,SYS-0136,api,ingest,node-09,cpu_usage,27.38,%,INFO,2026-01-26T16:34:23.3049950Z
EVT-000007182,2026-01-25T11:03:11.3049980Z,SYS-0115,db,sync,node-15,latency_ms,211.2,ms,INFO,2026-01-25T11:03:31.3049980Z
EVT-000007183,2026-01-21T03:04:12.3050020Z,SYS-0189,api,auth,node-31,mem_usage,15203,MB,INFO,2026-01-21T03:04:24.3050020Z
EVT-000007184,2026-01-25T03:28:33.3050060Z,SYS-0416,cache,ingest,node-26,queue_depth,3884,count,INFO,2026-01-25T03:28:51.3050060Z
EVT-000007185,2026-01-24T12:50:54.3050090Z,SYS-0132,worker,ingest,node-13,mem_usage,24761,MB,INFO,2026-01-24T12:51:03.3050090Z
EVT-000007186,2026-01-22T21:23:31.3050110Z,SYS-0439,db,dispatcher,node-30,queue_depth,2413,count,INFO,2026-01-22T21:23:57.3050110Z
EVT-000007187,2026-01-20T19:00:49.3050140Z,SYS-0291,api,dispatcher,node-07,queue_depth,929,count,INFO,2026-01-20T19:01:13.3050140Z
EVT-000007188,2026-01-21T01:26:21.3050170Z,SYS-0184,api,sync,node-07,queue_depth,2790,count,INFO,2026-01-21T01:26:34.3050170Z
EVT-000007189,2026-01-24T04:16:12.3050200Z,SYS-0206,cache,auth,node-35,mem_usage,31994,MB,INFO,2026-01-24T04:16:30.3050200Z
EVT-000007190,2026-01-21T06:22:39.3050230Z,SYS-0399,cache,ingest,node-34,queue_depth,1353,count,INFO,2026-01-21T06:22:49.3050230Z
EVT-000007191,2026-01-26T09:35:44.3050260Z,SYS-0132,db,dispatcher,node-17,cpu_usage,19.81,%,INFO,2026-01-26T09:35:46.3050260Z
EVT-000007192,2026-01-22T21:05:51.3050300Z,SYS-0178,cache,dispatcher,node-03,mem_usage,8220,MB,INFO,2026-01-22T21:06:00.3050300Z
EVT-000007193,2026-01-23T20:30:53.3050330Z,SYS-0347,worker,auth,node-35,mem_usage,29657,MB,INFO,2026-01-23T20:31:10.3050330Z
EVT-000007194,2026-01-25T01:31:06.3050370Z,SYS-0387,api,sync,node-34,mem_usage,7690,MB,INFO,2026-01-25T01:31:08.3050370Z
EVT-000007195,2026-01-24T04:20:19.3050400Z,SYS-0187,cache,dispatcher,node-03,queue_depth,2690,count,INFO,2026-01-24T04:20:26.3050400Z
EVT-000007196,2026-01-25T18:41:51.3050430Z,SYS-0365,cache,sync,node-23,cpu_usage,39.52,%,INFO,2026-01-25T18:42:07.3050430Z
EVT-000007197,2026-01-20T23:18:30.3050460Z,SYS-0109,worker,dispatcher,node-01,cpu_usage,17.29,%,INFO,2026-01-20T23:18:40.3050460Z
EVT-000007198,2026-01-22T18:39:56.3050490Z,SYS-0094,worker,ingest,node-44,latency_ms,658.2,ms,INFO,2026-01-22T18:39:59.3050490Z
EVT-000007199,2026-01-22T07:59:26.3050520Z,SYS-0312,cache,ingest,node-21,mem_usage,18687,MB,INFO,2026-01-22T07:59:30.3050520Z
EVT-000007200,2026-01-23T14:58:32.3050550Z,SYS-0035,cache,dispatcher,node-26,queue_depth,44,count,INFO,2026-01-23T14:58:43.3050550Z
EVT-000007201,2026-01-27T02:55:36.3050600Z,SYS-0467,cache,sync,node-02,cpu_usage,31.5,%,INFO,2026-01-27T02:55:43.3050600Z
EVT-000007202,2026-01-24T07:14:30.3050630Z,SYS-0052,db,dispatcher,node-15,latency_ms,826.4,ms,WARN,2026-01-24T07:14:38.3050630Z
EVT-000007203,2026-01-25T20:25:48.3050670Z,SYS-0158,api,dispatcher,node-15,queue_depth,3880,count,INFO,2026-01-25T20:26:07.3050670Z
EVT-000007204,2026-01-21T15:57:44.3050700Z,SYS-0363,cache,dispatcher,node-08,cpu_usage,38.87,%,INFO,2026-01-21T15:57:49.3050700Z
EVT-000007205,2026-01-20T20:45:15.3050730Z,SYS-0413,api,dispatcher,node-03,latency_ms,917,ms,WARN,2026-01-20T20:45:24.3050730Z
EVT-000007206,2026-01-25T22:15:22.3050760Z,SYS-0395,worker,sync,node-42,queue_depth,2020,count,INFO,2026-01-25T22:15:37.3050760Z
EVT-000007207,2026-01-22T10:18:55.3050790Z,SYS-0262,db,auth,node-17,cpu_usage,25,%,INFO,2026-01-22T10:18:59.3050790Z
EVT-000007208,2026-01-26T15:00:54.3050820Z,SYS-0291,cache,sync,node-19,mem_usage,28049,MB,INFO,2026-01-26T15:01:15.3050820Z
EVT-000007209,2026-01-24T21:18:30.3050870Z,SYS-0367,db,sync,node-40,queue_depth,1763,count,INFO,2026-01-24T21:18:51.3050870Z
EVT-000007210,2026-01-20T14:19:43.3050900Z,SYS-0157,db,sync,node-14,mem_usage,11726,MB,INFO,2026-01-20T14:19:52.3050900Z
EVT-000007211,2026-01-27T02:03:03.3050930Z,SYS-0331,worker,ingest,node-24,cpu_usage,45.01,%,INFO,2026-01-27T02:03:21.3050930Z
EVT-000007212,2026-01-20T08:52:27.3050970Z,SYS-0247,cache,sync,node-08,mem_usage,17139,MB,INFO,2026-01-20T08:52:54.3050970Z
EVT-000007213,2026-01-20T15:59:31.3051000Z,SYS-0178,db,auth,node-02,latency_ms,581.2,ms,INFO,2026-01-20T15:59:36.3051000Z
EVT-000007214,2026-01-22T06:23:19.3051030Z,SYS-0177,worker,auth,node-32,queue_depth,2036,count,INFO,2026-01-22T06:23:25.3051030Z
EVT-000007215,2026-01-23T08:44:55.3051060Z,SYS-0437,cache,ingest,node-46,cpu_usage,59.75,%,INFO,2026-01-23T08:45:03.3051060Z
EVT-000007216,2026-01-24T08:15:57.3051090Z,SYS-0334,cache,sync,node-40,latency_ms,274.1,ms,INFO,2026-01-24T08:16:20.3051090Z
EVT-000007217,2026-01-24T12:27:32.3051120Z,SYS-0272,db,dispatcher,node-42,cpu_usage,87.62,%,ERROR,2026-01-24T12:27:40.3051120Z
EVT-000007218,2026-01-21T00:55:03.3051170Z,SYS-0243,worker,auth,node-35,mem_usage,12366,MB,INFO,2026-01-21T00:55:05.3051170Z
EVT-000007219,2026-01-22T08:00:11.3051210Z,SYS-0046,api,sync,node-16,latency_ms,69.1,ms,INFO,2026-01-22T08:00:33.3051210Z
EVT-000007220,2026-01-25T02:48:17.3051240Z,SYS-0025,cache,sync,node-04,cpu_usage,17.28,%,INFO,2026-01-25T02:48:22.3051240Z
EVT-000007221,2026-01-20T06:34:29.3051270Z,SYS-0040,api,auth,node-08,mem_usage,27611,MB,INFO,2026-01-20T06:34:57.3051270Z
EVT-000007222,2026-01-21T01:19:41.3051300Z,SYS-0299,worker,sync,node-39,mem_usage,27808,MB,INFO,2026-01-21T01:19:49.3051300Z
EVT-000007223,2026-01-20T05:11:07.3051330Z,SYS-0492,api,ingest,node-31,latency_ms,133.2,ms,INFO,2026-01-20T05:11:22.3051330Z
EVT-000007224,2026-01-25T17:54:45.3051360Z,SYS-0438,api,dispatcher,node-21,queue_depth,1521,count,INFO,2026-01-25T17:54:55.3051360Z
EVT-000007225,2026-01-23T00:24:00.3051390Z,SYS-0080,cache,ingest,node-09,mem_usage,23709,MB,INFO,2026-01-23T00:24:07.3051390Z
EVT-000007226,2026-01-25T09:20:34.3051420Z,SYS-0130,worker,ingest,node-18,queue_depth,4573,count,INFO,2026-01-25T09:20:39.3051420Z
EVT-000007227,2026-01-25T05:11:01.3051480Z,SYS-0471,api,auth,node-42,mem_usage,21925,MB,INFO,2026-01-25T05:11:30.3051480Z
EVT-000007228,2026-01-24T10:31:58.3051510Z,SYS-0121,db,sync,node-16,cpu_usage,55.72,%,INFO,2026-01-24T10:32:06.3051510Z
EVT-000007229,2026-01-26T23:56:03.3051540Z,SYS-0118,api,ingest,node-27,cpu_usage,68.27,%,INFO,2026-01-26T23:56:10.3051540Z
EVT-000007230,2026-01-20T18:57:28.3051570Z,SYS-0312,worker,sync,node-28,mem_usage,21059,MB,INFO,2026-01-20T18:57:56.3051570Z
EVT-000007231,2026-01-20T18:40:17.3051600Z,SYS-0457,db,sync,node-25,cpu_usage,36.8,%,INFO,2026-01-20T18:40:31.3051600Z
EVT-000007232,2026-01-25T18:04:52.3051630Z,SYS-0330,db,dispatcher,node-33,mem_usage,9410,MB,INFO,2026-01-25T18:05:12.3051630Z
EVT-000007233,2026-01-20T11:35:31.3051660Z,SYS-0467,worker,auth,node-24,mem_usage,23222,MB,INFO,2026-01-20T11:35:38.3051660Z
EVT-000007234,2026-01-22T16:46:25.3051690Z,SYS-0017,cache,auth,node-48,mem_usage,23352,MB,INFO,2026-01-22T16:46:42.3051690Z
EVT-000007235,2026-01-26T14:35:20.3051750Z,SYS-0342,worker,sync,node-21,cpu_usage,85.38,%,ERROR,2026-01-26T14:35:46.3051750Z
EVT-000007236,2026-01-21T12:15:47.3051780Z,SYS-0093,api,dispatcher,node-31,latency_ms,545.9,ms,INFO,2026-01-21T12:15:57.3051780Z
EVT-000007237,2026-01-22T12:32:32.3051810Z,SYS-0127,db,ingest,node-46,queue_depth,2137,count,INFO,2026-01-22T12:32:38.3051810Z
EVT-000007238,2026-01-25T20:52:13.3051840Z,SYS-0327,api,sync,node-19,cpu_usage,89.95,%,ERROR,2026-01-25T20:52:41.3051840Z
EVT-000007239,2026-01-22T21:18:39.3051870Z,SYS-0489,worker,dispatcher,node-07,latency_ms,1177.3,ms,WARN,2026-01-22T21:18:40.3051870Z
EVT-000007240,2026-01-23T22:08:43.3051900Z,SYS-0176,api,sync,node-08,latency_ms,519.9,ms,INFO,2026-01-23T22:09:03.3051900Z
EVT-000007241,2026-01-26T15:42:35.3051930Z,SYS-0014,cache,ingest,node-31,cpu_usage,70.04,%,WARN,2026-01-26T15:42:42.3051930Z
EVT-000007242,2026-01-21T21:17:25.3051960Z,SYS-0326,api,dispatcher,node-41,mem_usage,23310,MB,INFO,2026-01-21T21:17:32.3051960Z
EVT-000007243,2026-01-23T21:05:55.3051990Z,SYS-0472,cache,ingest,node-22,mem_usage,22429,MB,INFO,2026-01-23T21:06:09.3051990Z
EVT-000007244,2026-01-24T12:18:29.3052030Z,SYS-0030,db,ingest,node-14,cpu_usage,50.57,%,INFO,2026-01-24T12:18:38.3052030Z
EVT-000007245,2026-01-21T02:58:55.3052060Z,SYS-0390,cache,sync,node-12,cpu_usage,55.72,%,INFO,2026-01-21T02:59:02.3052060Z
EVT-000007246,2026-01-22T21:21:54.3052090Z,SYS-0128,db,sync,node-33,cpu_usage,75.29,%,WARN,2026-01-22T21:22:13.3052090Z
EVT-000007247,2026-01-25T01:20:00.3052120Z,SYS-0240,api,auth,node-43,queue_depth,143,count,INFO,2026-01-25T01:20:10.3052120Z
EVT-000007248,2026-01-26T06:46:15.3052150Z,SYS-0205,api,ingest,node-24,cpu_usage,76.25,%,WARN,2026-01-26T06:46:19.3052150Z
EVT-000007249,2026-01-27T01:56:09.3052190Z,SYS-0410,worker,auth,node-31,mem_usage,17076,MB,INFO,2026-01-27T01:56:20.3052190Z
EVT-000007250,2026-01-23T21:20:38.3052220Z,SYS-0039,worker,auth,node-32,cpu_usage,77.3,%,WARN,2026-01-23T21:20:46.3052220Z
EVT-000007251,2026-01-22T21:19:42.3052250Z,SYS-0491,cache,dispatcher,node-04,mem_usage,16731,MB,INFO,2026-01-22T21:20:04.3052250Z
EVT-000007252,2026-01-26T11:54:37.3052280Z,SYS-0244,api,dispatcher,node-49,latency_ms,587.5,ms,INFO,2026-01-26T11:54:50.3052280Z
EVT-000007253,2026-01-25T07:01:12.3052330Z,SYS-0301,worker,dispatcher,node-27,queue_depth,4912,count,INFO,2026-01-25T07:01:40.3052330Z
EVT-000007254,2026-01-26T06:31:15.3052360Z,SYS-0023,cache,dispatcher,node-16,latency_ms,1011.5,ms,WARN,2026-01-26T06:31:33.3052360Z
EVT-000007255,2026-01-21T04:43:01.3052400Z,SYS-0386,worker,ingest,node-12,latency_ms,108.3,ms,INFO,2026-01-21T04:43:10.3052400Z
EVT-000007256,2026-01-24T12:23:31.3052430Z,SYS-0424,worker,auth,node-18,queue_depth,170,count,INFO,2026-01-24T12:23:51.3052430Z
EVT-000007257,2026-01-23T07:43:41.3052460Z,SYS-0145,db,auth,node-44,latency_ms,1405.1,ms,ERROR,2026-01-23T07:44:10.3052460Z
EVT-000007258,2026-01-20T20:44:43.3052500Z,SYS-0329,cache,auth,node-23,queue_depth,1523,count,INFO,2026-01-20T20:45:07.3052500Z
EVT-000007259,2026-01-23T20:19:53.3052530Z,SYS-0437,api,auth,node-35,latency_ms,1321.5,ms,ERROR,2026-01-23T20:20:09.3052530Z
EVT-000007260,2026-01-25T06:31:20.3052570Z,SYS-0237,db,ingest,node-21,latency_ms,1372.4,ms,ERROR,2026-01-25T06:31:20.3052570Z
EVT-000007261,2026-01-22T14:44:47.3052610Z,SYS-0228,api,auth,node-07,queue_depth,1262,count,INFO,2026-01-22T14:45:12.3052610Z
EVT-000007262,2026-01-22T23:05:28.3052650Z,SYS-0368,db,ingest,node-07,cpu_usage,41.58,%,INFO,2026-01-22T23:05:44.3052650Z
EVT-000007263,2026-01-21T12:52:44.3052680Z,SYS-0201,worker,sync,node-23,latency_ms,1019.9,ms,WARN,2026-01-21T12:52:56.3052680Z
EVT-000007264,2026-01-26T01:37:12.3052720Z,SYS-0121,worker,sync,node-21,cpu_usage,17.05,%,INFO,2026-01-26T01:37:34.3052720Z
EVT-000007265,2026-01-25T21:02:58.3052750Z,SYS-0285,api,dispatcher,node-30,mem_usage,25412,MB,INFO,2026-01-25T21:03:16.3052750Z
EVT-000007266,2026-01-23T18:11:58.3052780Z,SYS-0285,worker,dispatcher,node-19,mem_usage,11285,MB,INFO,2026-01-23T18:12:00.3052780Z
EVT-000007267,2026-01-25T21:09:52.3052820Z,SYS-0467,api,auth,node-26,mem_usage,26468,MB,INFO,2026-01-25T21:10:15.3052820Z
EVT-000007268,2026-01-22T22:48:09.3052850Z,SYS-0150,db,dispatcher,node-07,latency_ms,370,ms,INFO,2026-01-22T22:48:27.3052850Z
EVT-000007269,2026-01-25T09:05:27.3052890Z,SYS-0171,cache,ingest,node-02,mem_usage,611,MB,INFO,2026-01-25T09:05:45.3052890Z
EVT-000007270,2026-01-26T10:38:22.3052930Z,SYS-0069,cache,dispatcher,node-23,queue_depth,2131,count,INFO,2026-01-26T10:38:49.3052930Z
EVT-000007271,2026-01-24T20:49:27.3052960Z,SYS-0005,worker,sync,node-04,cpu_usage,63.33,%,INFO,2026-01-24T20:49:49.3052960Z
EVT-000007272,2026-01-21T18:45:05.3053000Z,SYS-0412,api,sync,node-34,latency_ms,94.1,ms,INFO,2026-01-21T18:45:14.3053000Z
EVT-000007273,2026-01-22T14:34:26.3053020Z,SYS-0382,worker,auth,node-24,latency_ms,692.1,ms,INFO,2026-01-22T14:34:53.3053020Z
EVT-000007274,2026-01-26T14:38:14.3053050Z,SYS-0448,worker,sync,node-27,latency_ms,1111.1,ms,WARN,2026-01-26T14:38:40.3053050Z
EVT-000007275,2026-01-23T19:15:31.3053090Z,SYS-0251,cache,auth,node-25,latency_ms,797,ms,INFO,2026-01-23T19:15:51.3053090Z
EVT-000007276,2026-01-22T01:57:05.3053120Z,SYS-0243,cache,auth,node-10,queue_depth,2923,count,INFO,2026-01-22T01:57:07.3053120Z
EVT-000007277,2026-01-26T05:10:20.3053150Z,SYS-0050,db,ingest,node-16,mem_usage,20309,MB,INFO,2026-01-26T05:10:36.3053150Z
EVT-000007278,2026-01-21T07:18:29.3053180Z,SYS-0342,db,auth,node-36,mem_usage,25673,MB,INFO,2026-01-21T07:18:31.3053180Z
EVT-000007279,2026-01-23T04:53:01.3053230Z,SYS-0065,worker,auth,node-45,latency_ms,407.7,ms,INFO,2026-01-23T04:53:08.3053230Z
EVT-000007280,2026-01-25T13:54:00.3053260Z,SYS-0445,worker,auth,node-47,cpu_usage,45.98,%,INFO,2026-01-25T13:54:09.3053260Z
EVT-000007281,2026-01-23T18:54:14.3053290Z,SYS-0332,worker,sync,node-18,cpu_usage,73.17,%,WARN,2026-01-23T18:54:40.3053290Z
EVT-000007282,2026-01-24T05:53:41.3053330Z,SYS-0421,db,dispatcher,node-11,mem_usage,24874,MB,INFO,2026-01-24T05:54:01.3053330Z
EVT-000007283,2026-01-26T03:49:26.3053360Z,SYS-0486,api,auth,node-14,mem_usage,26647,MB,INFO,2026-01-26T03:49:50.3053360Z
EVT-000007284,2026-01-24T23:58:35.3053390Z,SYS-0498,worker,sync,node-02,queue_depth,938,count,INFO,2026-01-24T23:58:41.3053390Z
EVT-000007285,2026-01-26T21:19:29.3053430Z,SYS-0160,cache,auth,node-48,mem_usage,16131,MB,INFO,2026-01-26T21:19:40.3053430Z
EVT-000007286,2026-01-20T21:09:31.3053460Z,SYS-0473,worker,auth,node-18,mem_usage,12029,MB,INFO,2026-01-20T21:09:34.3053460Z
EVT-000007287,2026-01-20T21:46:57.3053500Z,SYS-0464,worker,dispatcher,node-06,mem_usage,31269,MB,INFO,2026-01-20T21:47:22.3053500Z
EVT-000007288,2026-01-25T07:54:38.3053540Z,SYS-0074,db,sync,node-30,mem_usage,14850,MB,INFO,2026-01-25T07:54:57.3053540Z
EVT-000007289,2026-01-24T15:56:59.3053570Z,SYS-0128,db,dispatcher,node-23,queue_depth,2219,count,INFO,2026-01-24T15:57:13.3053570Z
EVT-000007290,2026-01-24T10:44:02.3053600Z,SYS-0042,db,sync,node-06,queue_depth,3916,count,INFO,2026-01-24T10:44:21.3053600Z
EVT-000007291,2026-01-21T06:52:03.3053640Z,SYS-0275,worker,auth,node-16,cpu_usage,22.88,%,INFO,2026-01-21T06:52:13.3053640Z
EVT-000007292,2026-01-26T20:04:42.3053670Z,SYS-0491,api,dispatcher,node-36,cpu_usage,45.48,%,INFO,2026-01-26T20:04:56.3053670Z
EVT-000007293,2026-01-24T05:03:44.3053700Z,SYS-0013,worker,auth,node-42,mem_usage,14673,MB,INFO,2026-01-24T05:03:58.3053700Z
EVT-000007294,2026-01-26T11:19:00.3053740Z,SYS-0471,worker,auth,node-34,queue_depth,3888,count,INFO,2026-01-26T11:19:10.3053740Z
EVT-000007295,2026-01-24T01:52:23.3053770Z,SYS-0112,db,auth,node-01,mem_usage,31012,MB,INFO,2026-01-24T01:52:24.3053770Z
EVT-000007296,2026-01-24T17:04:20.3053820Z,SYS-0377,db,sync,node-24,queue_depth,3189,count,INFO,2026-01-24T17:04:38.3053820Z
EVT-000007297,2026-01-26T00:50:44.3053850Z,SYS-0325,cache,auth,node-16,queue_depth,2740,count,INFO,2026-01-26T00:50:47.3053850Z
EVT-000007298,2026-01-22T03:21:06.3053890Z,SYS-0442,db,sync,node-35,cpu_usage,19.36,%,INFO,2026-01-22T03:21:12.3053890Z
EVT-000007299,2026-01-26T01:42:05.3053920Z,SYS-0056,worker,ingest,node-20,mem_usage,1808,MB,INFO,2026-01-26T01:42:07.3053920Z
EVT-000007300,2026-01-21T02:49:38.3053950Z,SYS-0488,api,auth,node-46,latency_ms,1417.4,ms,ERROR,2026-01-21T02:49:47.3053950Z
EVT-000007301,2026-01-22T08:45:42.3053990Z,SYS-0072,worker,auth,node-40,queue_depth,3903,count,INFO,2026-01-22T08:46:02.3053990Z
EVT-000007302,2026-01-20T23:02:49.3054020Z,SYS-0280,cache,auth,node-35,queue_depth,3671,count,INFO,2026-01-20T23:03:06.3054020Z
EVT-000007303,2026-01-25T14:23:41.3054050Z,SYS-0406,worker,sync,node-08,cpu_usage,90.53,%,ERROR,2026-01-25T14:23:59.3054050Z
EVT-000007304,2026-01-26T04:37:33.3054080Z,SYS-0335,api,sync,node-31,mem_usage,7874,MB,INFO,2026-01-26T04:38:01.3054080Z
EVT-000007305,2026-01-23T13:15:50.3054130Z,SYS-0382,api,ingest,node-38,cpu_usage,87.39,%,ERROR,2026-01-23T13:15:59.3054130Z
EVT-000007306,2026-01-23T18:18:48.3054160Z,SYS-0389,cache,dispatcher,node-23,latency_ms,692.4,ms,INFO,2026-01-23T18:18:55.3054160Z
EVT-000007307,2026-01-26T00:41:37.3054190Z,SYS-0082,worker,auth,node-34,queue_depth,3598,count,INFO,2026-01-26T00:41:42.3054190Z
EVT-000007308,2026-01-25T16:01:38.3054230Z,SYS-0087,worker,auth,node-33,mem_usage,2694,MB,INFO,2026-01-25T16:01:47.3054230Z
EVT-000007309,2026-01-23T21:53:06.3054260Z,SYS-0398,api,dispatcher,node-26,cpu_usage,16.18,%,INFO,2026-01-23T21:53:32.3054260Z
EVT-000007310,2026-01-22T07:56:18.3054290Z,SYS-0379,api,sync,node-16,cpu_usage,73.51,%,WARN,2026-01-22T07:56:24.3054290Z
EVT-000007311,2026-01-24T12:01:46.3054320Z,SYS-0267,api,sync,node-47,cpu_usage,46.06,%,INFO,2026-01-24T12:01:47.3054320Z
EVT-000007312,2026-01-20T22:13:41.3054360Z,SYS-0451,worker,ingest,node-35,latency_ms,1302.4,ms,ERROR,2026-01-20T22:14:02.3054360Z
EVT-000007313,2026-01-26T15:52:48.3054400Z,SYS-0305,db,ingest,node-36,queue_depth,4881,count,INFO,2026-01-26T15:52:49.3054400Z
EVT-000007314,2026-01-26T14:10:07.3054430Z,SYS-0015,api,dispatcher,node-26,mem_usage,27876,MB,INFO,2026-01-26T14:10:19.3054430Z
EVT-000007315,2026-01-25T15:08:35.3054470Z,SYS-0367,cache,auth,node-17,queue_depth,1300,count,INFO,2026-01-25T15:08:45.3054470Z
EVT-000007316,2026-01-26T08:48:07.3054500Z,SYS-0399,cache,ingest,node-39,queue_depth,3858,count,INFO,2026-01-26T08:48:33.3054500Z
EVT-000007317,2026-01-22T06:41:49.3054530Z,SYS-0077,db,ingest,node-29,cpu_usage,91.61,%,ERROR,2026-01-22T06:42:05.3054530Z
